image_path,dataset,true_label,pred_label,correct
/content/gdrive/MyDrive/Liver_ultrasound/AULI_resized_images/liver_benign_1.png,liver_holdout,benign,benign,True
/content/gdrive/MyDrive/Liver_ultrasound/AULI_resized_images/liver_benign_10.png,liver_holdout,benign,benign,True
/content/gdrive/MyDrive/Liver_ultrasound/AULI_resized_images/liver_benign_100.png,liver_holdout,benign,benign,True
/content/gdrive/MyDrive/Liver_ultrasound/AULI_resized_images/liver_benign_101.png,liver_holdout,benign,benign,True
/content/gdrive/MyDrive/Liver_ultrasound/AULI_resized_images/liver_benign_102.png,liver_holdout,benign,benign,True
/content/gdrive/MyDrive/Liver_ultrasound/AULI_resized_images/liver_benign_103.png,liver_holdout,benign,benign,True
/content/gdrive/MyDrive/Liver_ultrasound/AULI_resized_images/liver_benign_104.png,liver_holdout,benign,benign,True
/content/gdrive/MyDrive/Liver_ultrasound/AULI_resized_images/liver_benign_105.png,liver_holdout,benign,benign,True
/content/gdrive/MyDrive/Liver_ultrasound/AULI_resized_images/liver_benign_106.png,liver_holdout,benign,benign,True
/content/gdrive/MyDrive/Liver_ultrasound/AULI_resized_images/liver_benign_107.png,liver_holdout,benign,normal,False
/content/gdrive/MyDrive/Liver_ultrasound/AULI_resized_images/liver_benign_108.png,liver_holdout,benign,benign,True
/content/gdrive/MyDrive/Liver_ultrasound/AULI_resized_images/liver_benign_109.png,liver_holdout,benign,benign,True
/content/gdrive/MyDrive/Liver_ultrasound/AULI_resized_images/liver_benign_11.png,liver_holdout,benign,benign,True
/content/gdrive/MyDrive/Liver_ultrasound/AULI_resized_images/liver_benign_110.png,liver_holdout,benign,benign,True
/content/gdrive/MyDrive/Liver_ultrasound/AULI_resized_images/liver_benign_111.png,liver_holdout,benign,benign,True
/content/gdrive/MyDrive/Liver_ultrasound/AULI_resized_images/liver_benign_112.png,liver_holdout,benign,benign,True
/content/gdrive/MyDrive/Liver_ultrasound/AULI_resized_images/liver_benign_113.png,liver_holdout,benign,benign,True
/content/gdrive/MyDrive/Liver_ultrasound/AULI_resized_images/liver_benign_114.png,liver_holdout,benign,benign,True
/content/gdrive/MyDrive/Liver_ultrasound/AULI_resized_images/liver_benign_115.png,liver_holdout,benign,benign,True
/content/gdrive/MyDrive/Liver_ultrasound/AULI_resized_images/liver_benign_116.png,liver_holdout,benign,benign,True
/content/gdrive/MyDrive/Liver_ultrasound/AULI_resized_images/liver_benign_117.png,liver_holdout,benign,benign,True
/content/gdrive/MyDrive/Liver_ultrasound/AULI_resized_images/liver_benign_118.png,liver_holdout,benign,benign,True
/content/gdrive/MyDrive/Liver_ultrasound/AULI_resized_images/liver_benign_119.png,liver_holdout,benign,benign,True
/content/gdrive/MyDrive/Liver_ultrasound/AULI_resized_images/liver_benign_12.png,liver_holdout,benign,benign,True
/content/gdrive/MyDrive/Liver_ultrasound/AULI_resized_images/liver_benign_120.png,liver_holdout,benign,benign,True
/content/gdrive/MyDrive/Liver_ultrasound/AULI_resized_images/liver_benign_121.png,liver_holdout,benign,benign,True
/content/gdrive/MyDrive/Liver_ultrasound/AULI_resized_images/liver_benign_122.png,liver_holdout,benign,benign,True
/content/gdrive/MyDrive/Liver_ultrasound/AULI_resized_images/liver_benign_123.png,liver_holdout,benign,benign,True
/content/gdrive/MyDrive/Liver_ultrasound/AULI_resized_images/liver_benign_124.png,liver_holdout,benign,benign,True
/content/gdrive/MyDrive/Liver_ultrasound/AULI_resized_images/liver_benign_125.png,liver_holdout,benign,benign,True
/content/gdrive/MyDrive/Liver_ultrasound/AULI_resized_images/liver_benign_126.png,liver_holdout,benign,benign,True
/content/gdrive/MyDrive/Liver_ultrasound/AULI_resized_images/liver_benign_127.png,liver_holdout,benign,benign,True
/content/gdrive/MyDrive/Liver_ultrasound/AULI_resized_images/liver_benign_128.png,liver_holdout,benign,benign,True
/content/gdrive/MyDrive/Liver_ultrasound/AULI_resized_images/liver_benign_129.png,liver_holdout,benign,benign,True
/content/gdrive/MyDrive/Liver_ultrasound/AULI_resized_images/liver_benign_13.png,liver_holdout,benign,benign,True
/content/gdrive/MyDrive/Liver_ultrasound/AULI_resized_images/liver_benign_130.png,liver_holdout,benign,benign,True
/content/gdrive/MyDrive/Liver_ultrasound/AULI_resized_images/liver_benign_131.png,liver_holdout,benign,benign,True
/content/gdrive/MyDrive/Liver_ultrasound/AULI_resized_images/liver_benign_132.png,liver_holdout,benign,benign,True
/content/gdrive/MyDrive/Liver_ultrasound/AULI_resized_images/liver_benign_133.png,liver_holdout,benign,benign,True
/content/gdrive/MyDrive/Liver_ultrasound/AULI_resized_images/liver_benign_134.png,liver_holdout,benign,benign,True
/content/gdrive/MyDrive/Liver_ultrasound/AULI_resized_images/liver_benign_135.png,liver_holdout,benign,benign,True
/content/gdrive/MyDrive/Liver_ultrasound/AULI_resized_images/liver_benign_136.png,liver_holdout,benign,benign,True
/content/gdrive/MyDrive/Liver_ultrasound/AULI_resized_images/liver_benign_137.png,liver_holdout,benign,normal,False
/content/gdrive/MyDrive/Liver_ultrasound/AULI_resized_images/liver_benign_138.png,liver_holdout,benign,benign,True
/content/gdrive/MyDrive/Liver_ultrasound/AULI_resized_images/liver_benign_139.png,liver_holdout,benign,benign,True
/content/gdrive/MyDrive/Liver_ultrasound/AULI_resized_images/liver_benign_14.png,liver_holdout,benign,benign,True
/content/gdrive/MyDrive/Liver_ultrasound/AULI_resized_images/liver_benign_140.png,liver_holdout,benign,benign,True
/content/gdrive/MyDrive/Liver_ultrasound/AULI_resized_images/liver_benign_141.png,liver_holdout,benign,benign,True
/content/gdrive/MyDrive/Liver_ultrasound/AULI_resized_images/liver_benign_142.png,liver_holdout,benign,benign,True
/content/gdrive/MyDrive/Liver_ultrasound/AULI_resized_images/liver_benign_143.png,liver_holdout,benign,benign,True
/content/gdrive/MyDrive/Liver_ultrasound/AULI_resized_images/liver_benign_144.png,liver_holdout,benign,benign,True
/content/gdrive/MyDrive/Liver_ultrasound/AULI_resized_images/liver_benign_145.png,liver_holdout,benign,benign,True
/content/gdrive/MyDrive/Liver_ultrasound/AULI_resized_images/liver_benign_146.png,liver_holdout,benign,benign,True
/content/gdrive/MyDrive/Liver_ultrasound/AULI_resized_images/liver_benign_147.png,liver_holdout,benign,benign,True
/content/gdrive/MyDrive/Liver_ultrasound/AULI_resized_images/liver_benign_148.png,liver_holdout,benign,benign,True
/content/gdrive/MyDrive/Liver_ultrasound/AULI_resized_images/liver_benign_149.png,liver_holdout,benign,benign,True
/content/gdrive/MyDrive/Liver_ultrasound/AULI_resized_images/liver_benign_15.png,liver_holdout,benign,benign,True
/content/gdrive/MyDrive/Liver_ultrasound/AULI_resized_images/liver_benign_150.png,liver_holdout,benign,benign,True
/content/gdrive/MyDrive/Liver_ultrasound/AULI_resized_images/liver_benign_151.png,liver_holdout,benign,benign,True
/content/gdrive/MyDrive/Liver_ultrasound/AULI_resized_images/liver_benign_152.png,liver_holdout,benign,benign,True
/content/gdrive/MyDrive/Liver_ultrasound/AULI_resized_images/liver_benign_153.png,liver_holdout,benign,benign,True
/content/gdrive/MyDrive/Liver_ultrasound/AULI_resized_images/liver_benign_154.png,liver_holdout,benign,benign,True
/content/gdrive/MyDrive/Liver_ultrasound/AULI_resized_images/liver_benign_155.png,liver_holdout,benign,benign,True
/content/gdrive/MyDrive/Liver_ultrasound/AULI_resized_images/liver_benign_156.png,liver_holdout,benign,benign,True
/content/gdrive/MyDrive/Liver_ultrasound/AULI_resized_images/liver_benign_157.png,liver_holdout,benign,benign,True
/content/gdrive/MyDrive/Liver_ultrasound/AULI_resized_images/liver_benign_158.png,liver_holdout,benign,benign,True
/content/gdrive/MyDrive/Liver_ultrasound/AULI_resized_images/liver_benign_159.png,liver_holdout,benign,benign,True
/content/gdrive/MyDrive/Liver_ultrasound/AULI_resized_images/liver_benign_16.png,liver_holdout,benign,benign,True
/content/gdrive/MyDrive/Liver_ultrasound/AULI_resized_images/liver_benign_160.png,liver_holdout,benign,benign,True
/content/gdrive/MyDrive/Liver_ultrasound/AULI_resized_images/liver_benign_161.png,liver_holdout,benign,benign,True
/content/gdrive/MyDrive/Liver_ultrasound/AULI_resized_images/liver_benign_162.png,liver_holdout,benign,benign,True
/content/gdrive/MyDrive/Liver_ultrasound/AULI_resized_images/liver_benign_163.png,liver_holdout,benign,benign,True
/content/gdrive/MyDrive/Liver_ultrasound/AULI_resized_images/liver_benign_164.png,liver_holdout,benign,benign,True
/content/gdrive/MyDrive/Liver_ultrasound/AULI_resized_images/liver_benign_165.png,liver_holdout,benign,benign,True
/content/gdrive/MyDrive/Liver_ultrasound/AULI_resized_images/liver_benign_166.png,liver_holdout,benign,benign,True
/content/gdrive/MyDrive/Liver_ultrasound/AULI_resized_images/liver_benign_167.png,liver_holdout,benign,benign,True
/content/gdrive/MyDrive/Liver_ultrasound/AULI_resized_images/liver_benign_168.png,liver_holdout,benign,benign,True
/content/gdrive/MyDrive/Liver_ultrasound/AULI_resized_images/liver_benign_169.png,liver_holdout,benign,benign,True
/content/gdrive/MyDrive/Liver_ultrasound/AULI_resized_images/liver_benign_17.png,liver_holdout,benign,benign,True
/content/gdrive/MyDrive/Liver_ultrasound/AULI_resized_images/liver_benign_170.png,liver_holdout,benign,benign,True
/content/gdrive/MyDrive/Liver_ultrasound/AULI_resized_images/liver_benign_171.png,liver_holdout,benign,benign,True
/content/gdrive/MyDrive/Liver_ultrasound/AULI_resized_images/liver_benign_172.png,liver_holdout,benign,benign,True
/content/gdrive/MyDrive/Liver_ultrasound/AULI_resized_images/liver_benign_173.png,liver_holdout,benign,benign,True
/content/gdrive/MyDrive/Liver_ultrasound/AULI_resized_images/liver_benign_174.png,liver_holdout,benign,benign,True
/content/gdrive/MyDrive/Liver_ultrasound/AULI_resized_images/liver_benign_175.png,liver_holdout,benign,benign,True
/content/gdrive/MyDrive/Liver_ultrasound/AULI_resized_images/liver_benign_176.png,liver_holdout,benign,benign,True
/content/gdrive/MyDrive/Liver_ultrasound/AULI_resized_images/liver_benign_177.png,liver_holdout,benign,benign,True
/content/gdrive/MyDrive/Liver_ultrasound/AULI_resized_images/liver_benign_178.png,liver_holdout,benign,benign,True
/content/gdrive/MyDrive/Liver_ultrasound/AULI_resized_images/liver_benign_179.png,liver_holdout,benign,benign,True
/content/gdrive/MyDrive/Liver_ultrasound/AULI_resized_images/liver_benign_18.png,liver_holdout,benign,benign,True
/content/gdrive/MyDrive/Liver_ultrasound/AULI_resized_images/liver_benign_180.png,liver_holdout,benign,benign,True
/content/gdrive/MyDrive/Liver_ultrasound/AULI_resized_images/liver_benign_181.png,liver_holdout,benign,benign,True
/content/gdrive/MyDrive/Liver_ultrasound/AULI_resized_images/liver_benign_182.png,liver_holdout,benign,benign,True
/content/gdrive/MyDrive/Liver_ultrasound/AULI_resized_images/liver_benign_183.png,liver_holdout,benign,benign,True
/content/gdrive/MyDrive/Liver_ultrasound/AULI_resized_images/liver_benign_184.png,liver_holdout,benign,benign,True
/content/gdrive/MyDrive/Liver_ultrasound/AULI_resized_images/liver_benign_185.png,liver_holdout,benign,benign,True
/content/gdrive/MyDrive/Liver_ultrasound/AULI_resized_images/liver_benign_186.png,liver_holdout,benign,benign,True
/content/gdrive/MyDrive/Liver_ultrasound/AULI_resized_images/liver_benign_187.png,liver_holdout,benign,normal,False
/content/gdrive/MyDrive/Liver_ultrasound/AULI_resized_images/liver_benign_188.png,liver_holdout,benign,benign,True
/content/gdrive/MyDrive/Liver_ultrasound/AULI_resized_images/liver_benign_189.png,liver_holdout,benign,benign,True
/content/gdrive/MyDrive/Liver_ultrasound/AULI_resized_images/liver_benign_19.png,liver_holdout,benign,benign,True
/content/gdrive/MyDrive/Liver_ultrasound/AULI_resized_images/liver_benign_190.png,liver_holdout,benign,benign,True
/content/gdrive/MyDrive/Liver_ultrasound/AULI_resized_images/liver_benign_191.png,liver_holdout,benign,benign,True
/content/gdrive/MyDrive/Liver_ultrasound/AULI_resized_images/liver_benign_192.png,liver_holdout,benign,benign,True
/content/gdrive/MyDrive/Liver_ultrasound/AULI_resized_images/liver_benign_193.png,liver_holdout,benign,benign,True
/content/gdrive/MyDrive/Liver_ultrasound/AULI_resized_images/liver_benign_194.png,liver_holdout,benign,benign,True
/content/gdrive/MyDrive/Liver_ultrasound/AULI_resized_images/liver_benign_195.png,liver_holdout,benign,benign,True
/content/gdrive/MyDrive/Liver_ultrasound/AULI_resized_images/liver_benign_196.png,liver_holdout,benign,benign,True
/content/gdrive/MyDrive/Liver_ultrasound/AULI_resized_images/liver_benign_197.png,liver_holdout,benign,benign,True
/content/gdrive/MyDrive/Liver_ultrasound/AULI_resized_images/liver_benign_198.png,liver_holdout,benign,benign,True
/content/gdrive/MyDrive/Liver_ultrasound/AULI_resized_images/liver_benign_199.png,liver_holdout,benign,benign,True
/content/gdrive/MyDrive/Liver_ultrasound/AULI_resized_images/liver_benign_2.png,liver_holdout,benign,benign,True
/content/gdrive/MyDrive/Liver_ultrasound/AULI_resized_images/liver_benign_20.png,liver_holdout,benign,benign,True
/content/gdrive/MyDrive/Liver_ultrasound/AULI_resized_images/liver_benign_200.png,liver_holdout,benign,benign,True
/content/gdrive/MyDrive/Liver_ultrasound/AULI_resized_images/liver_benign_21.png,liver_holdout,benign,benign,True
/content/gdrive/MyDrive/Liver_ultrasound/AULI_resized_images/liver_benign_22.png,liver_holdout,benign,benign,True
/content/gdrive/MyDrive/Liver_ultrasound/AULI_resized_images/liver_benign_23.png,liver_holdout,benign,benign,True
/content/gdrive/MyDrive/Liver_ultrasound/AULI_resized_images/liver_benign_24.png,liver_holdout,benign,benign,True
/content/gdrive/MyDrive/Liver_ultrasound/AULI_resized_images/liver_benign_25.png,liver_holdout,benign,benign,True
/content/gdrive/MyDrive/Liver_ultrasound/AULI_resized_images/liver_benign_26.png,liver_holdout,benign,benign,True
/content/gdrive/MyDrive/Liver_ultrasound/AULI_resized_images/liver_benign_27.png,liver_holdout,benign,benign,True
/content/gdrive/MyDrive/Liver_ultrasound/AULI_resized_images/liver_benign_28.png,liver_holdout,benign,benign,True
/content/gdrive/MyDrive/Liver_ultrasound/AULI_resized_images/liver_benign_29.png,liver_holdout,benign,benign,True
/content/gdrive/MyDrive/Liver_ultrasound/AULI_resized_images/liver_benign_3.png,liver_holdout,benign,benign,True
/content/gdrive/MyDrive/Liver_ultrasound/AULI_resized_images/liver_benign_30.png,liver_holdout,benign,benign,True
/content/gdrive/MyDrive/Liver_ultrasound/AULI_resized_images/liver_benign_31.png,liver_holdout,benign,normal,False
/content/gdrive/MyDrive/Liver_ultrasound/AULI_resized_images/liver_benign_32.png,liver_holdout,benign,benign,True
/content/gdrive/MyDrive/Liver_ultrasound/AULI_resized_images/liver_benign_33.png,liver_holdout,benign,benign,True
/content/gdrive/MyDrive/Liver_ultrasound/AULI_resized_images/liver_benign_34.png,liver_holdout,benign,benign,True
/content/gdrive/MyDrive/Liver_ultrasound/AULI_resized_images/liver_benign_35.png,liver_holdout,benign,benign,True
/content/gdrive/MyDrive/Liver_ultrasound/AULI_resized_images/liver_benign_36.png,liver_holdout,benign,benign,True
/content/gdrive/MyDrive/Liver_ultrasound/AULI_resized_images/liver_benign_37.png,liver_holdout,benign,benign,True
/content/gdrive/MyDrive/Liver_ultrasound/AULI_resized_images/liver_benign_38.png,liver_holdout,benign,benign,True
/content/gdrive/MyDrive/Liver_ultrasound/AULI_resized_images/liver_benign_39.png,liver_holdout,benign,benign,True
/content/gdrive/MyDrive/Liver_ultrasound/AULI_resized_images/liver_benign_4.png,liver_holdout,benign,benign,True
/content/gdrive/MyDrive/Liver_ultrasound/AULI_resized_images/liver_benign_40.png,liver_holdout,benign,benign,True
/content/gdrive/MyDrive/Liver_ultrasound/AULI_resized_images/liver_benign_41.png,liver_holdout,benign,benign,True
/content/gdrive/MyDrive/Liver_ultrasound/AULI_resized_images/liver_benign_42.png,liver_holdout,benign,benign,True
/content/gdrive/MyDrive/Liver_ultrasound/AULI_resized_images/liver_benign_43.png,liver_holdout,benign,benign,True
/content/gdrive/MyDrive/Liver_ultrasound/AULI_resized_images/liver_benign_44.png,liver_holdout,benign,benign,True
/content/gdrive/MyDrive/Liver_ultrasound/AULI_resized_images/liver_benign_45.png,liver_holdout,benign,benign,True
/content/gdrive/MyDrive/Liver_ultrasound/AULI_resized_images/liver_benign_46.png,liver_holdout,benign,benign,True
/content/gdrive/MyDrive/Liver_ultrasound/AULI_resized_images/liver_benign_47.png,liver_holdout,benign,benign,True
/content/gdrive/MyDrive/Liver_ultrasound/AULI_resized_images/liver_benign_48.png,liver_holdout,benign,benign,True
/content/gdrive/MyDrive/Liver_ultrasound/AULI_resized_images/liver_benign_49.png,liver_holdout,benign,benign,True
/content/gdrive/MyDrive/Liver_ultrasound/AULI_resized_images/liver_benign_5.png,liver_holdout,benign,benign,True
/content/gdrive/MyDrive/Liver_ultrasound/AULI_resized_images/liver_benign_50.png,liver_holdout,benign,benign,True
/content/gdrive/MyDrive/Liver_ultrasound/AULI_resized_images/liver_benign_51.png,liver_holdout,benign,benign,True
/content/gdrive/MyDrive/Liver_ultrasound/AULI_resized_images/liver_benign_52.png,liver_holdout,benign,benign,True
/content/gdrive/MyDrive/Liver_ultrasound/AULI_resized_images/liver_benign_53.png,liver_holdout,benign,benign,True
/content/gdrive/MyDrive/Liver_ultrasound/AULI_resized_images/liver_benign_54.png,liver_holdout,benign,benign,True
/content/gdrive/MyDrive/Liver_ultrasound/AULI_resized_images/liver_benign_55.png,liver_holdout,benign,benign,True
/content/gdrive/MyDrive/Liver_ultrasound/AULI_resized_images/liver_benign_56.png,liver_holdout,benign,benign,True
/content/gdrive/MyDrive/Liver_ultrasound/AULI_resized_images/liver_benign_57.png,liver_holdout,benign,benign,True
/content/gdrive/MyDrive/Liver_ultrasound/AULI_resized_images/liver_benign_58.png,liver_holdout,benign,benign,True
/content/gdrive/MyDrive/Liver_ultrasound/AULI_resized_images/liver_benign_59.png,liver_holdout,benign,benign,True
/content/gdrive/MyDrive/Liver_ultrasound/AULI_resized_images/liver_benign_6.png,liver_holdout,benign,benign,True
/content/gdrive/MyDrive/Liver_ultrasound/AULI_resized_images/liver_benign_60.png,liver_holdout,benign,benign,True
/content/gdrive/MyDrive/Liver_ultrasound/AULI_resized_images/liver_benign_61.png,liver_holdout,benign,benign,True
/content/gdrive/MyDrive/Liver_ultrasound/AULI_resized_images/liver_benign_62.png,liver_holdout,benign,benign,True
/content/gdrive/MyDrive/Liver_ultrasound/AULI_resized_images/liver_benign_63.png,liver_holdout,benign,benign,True
/content/gdrive/MyDrive/Liver_ultrasound/AULI_resized_images/liver_benign_64.png,liver_holdout,benign,benign,True
/content/gdrive/MyDrive/Liver_ultrasound/AULI_resized_images/liver_benign_65.png,liver_holdout,benign,benign,True
/content/gdrive/MyDrive/Liver_ultrasound/AULI_resized_images/liver_benign_66.png,liver_holdout,benign,benign,True
/content/gdrive/MyDrive/Liver_ultrasound/AULI_resized_images/liver_benign_67.png,liver_holdout,benign,benign,True
/content/gdrive/MyDrive/Liver_ultrasound/AULI_resized_images/liver_benign_68.png,liver_holdout,benign,benign,True
/content/gdrive/MyDrive/Liver_ultrasound/AULI_resized_images/liver_benign_69.png,liver_holdout,benign,benign,True
/content/gdrive/MyDrive/Liver_ultrasound/AULI_resized_images/liver_benign_7.png,liver_holdout,benign,benign,True
/content/gdrive/MyDrive/Liver_ultrasound/AULI_resized_images/liver_benign_70.png,liver_holdout,benign,benign,True
/content/gdrive/MyDrive/Liver_ultrasound/AULI_resized_images/liver_benign_71.png,liver_holdout,benign,benign,True
/content/gdrive/MyDrive/Liver_ultrasound/AULI_resized_images/liver_benign_72.png,liver_holdout,benign,normal,False
/content/gdrive/MyDrive/Liver_ultrasound/AULI_resized_images/liver_benign_73.png,liver_holdout,benign,benign,True
/content/gdrive/MyDrive/Liver_ultrasound/AULI_resized_images/liver_benign_74.png,liver_holdout,benign,benign,True
/content/gdrive/MyDrive/Liver_ultrasound/AULI_resized_images/liver_benign_75.png,liver_holdout,benign,benign,True
/content/gdrive/MyDrive/Liver_ultrasound/AULI_resized_images/liver_benign_76.png,liver_holdout,benign,benign,True
/content/gdrive/MyDrive/Liver_ultrasound/AULI_resized_images/liver_benign_77.png,liver_holdout,benign,benign,True
/content/gdrive/MyDrive/Liver_ultrasound/AULI_resized_images/liver_benign_78.png,liver_holdout,benign,normal,False
/content/gdrive/MyDrive/Liver_ultrasound/AULI_resized_images/liver_benign_79.png,liver_holdout,benign,benign,True
/content/gdrive/MyDrive/Liver_ultrasound/AULI_resized_images/liver_benign_8.png,liver_holdout,benign,benign,True
/content/gdrive/MyDrive/Liver_ultrasound/AULI_resized_images/liver_benign_80.png,liver_holdout,benign,benign,True
/content/gdrive/MyDrive/Liver_ultrasound/AULI_resized_images/liver_benign_81.png,liver_holdout,benign,benign,True
/content/gdrive/MyDrive/Liver_ultrasound/AULI_resized_images/liver_benign_82.png,liver_holdout,benign,normal,False
/content/gdrive/MyDrive/Liver_ultrasound/AULI_resized_images/liver_benign_83.png,liver_holdout,benign,benign,True
/content/gdrive/MyDrive/Liver_ultrasound/AULI_resized_images/liver_benign_84.png,liver_holdout,benign,benign,True
/content/gdrive/MyDrive/Liver_ultrasound/AULI_resized_images/liver_benign_85.png,liver_holdout,benign,benign,True
/content/gdrive/MyDrive/Liver_ultrasound/AULI_resized_images/liver_benign_86.png,liver_holdout,benign,benign,True
/content/gdrive/MyDrive/Liver_ultrasound/AULI_resized_images/liver_benign_87.png,liver_holdout,benign,benign,True
/content/gdrive/MyDrive/Liver_ultrasound/AULI_resized_images/liver_benign_88.png,liver_holdout,benign,benign,True
/content/gdrive/MyDrive/Liver_ultrasound/AULI_resized_images/liver_benign_89.png,liver_holdout,benign,malignant,False
/content/gdrive/MyDrive/Liver_ultrasound/AULI_resized_images/liver_benign_9.png,liver_holdout,benign,benign,True
/content/gdrive/MyDrive/Liver_ultrasound/AULI_resized_images/liver_benign_90.png,liver_holdout,benign,benign,True
/content/gdrive/MyDrive/Liver_ultrasound/AULI_resized_images/liver_benign_91.png,liver_holdout,benign,benign,True
/content/gdrive/MyDrive/Liver_ultrasound/AULI_resized_images/liver_benign_92.png,liver_holdout,benign,benign,True
/content/gdrive/MyDrive/Liver_ultrasound/AULI_resized_images/liver_benign_93.png,liver_holdout,benign,benign,True
/content/gdrive/MyDrive/Liver_ultrasound/AULI_resized_images/liver_benign_94.png,liver_holdout,benign,benign,True
/content/gdrive/MyDrive/Liver_ultrasound/AULI_resized_images/liver_benign_95.png,liver_holdout,benign,benign,True
/content/gdrive/MyDrive/Liver_ultrasound/AULI_resized_images/liver_benign_96.png,liver_holdout,benign,benign,True
/content/gdrive/MyDrive/Liver_ultrasound/AULI_resized_images/liver_benign_97.png,liver_holdout,benign,benign,True
/content/gdrive/MyDrive/Liver_ultrasound/AULI_resized_images/liver_benign_98.png,liver_holdout,benign,benign,True
/content/gdrive/MyDrive/Liver_ultrasound/AULI_resized_images/liver_benign_99.png,liver_holdout,benign,benign,True
/content/gdrive/MyDrive/Liver_ultrasound/AULI_resized_images/liver_malignant_1.png,liver_holdout,malignant,benign,False
/content/gdrive/MyDrive/Liver_ultrasound/AULI_resized_images/liver_malignant_10.png,liver_holdout,malignant,malignant,True
/content/gdrive/MyDrive/Liver_ultrasound/AULI_resized_images/liver_malignant_100.png,liver_holdout,malignant,benign,False
/content/gdrive/MyDrive/Liver_ultrasound/AULI_resized_images/liver_malignant_101.png,liver_holdout,malignant,benign,False
/content/gdrive/MyDrive/Liver_ultrasound/AULI_resized_images/liver_malignant_102.png,liver_holdout,malignant,benign,False
/content/gdrive/MyDrive/Liver_ultrasound/AULI_resized_images/liver_malignant_103.png,liver_holdout,malignant,benign,False
/content/gdrive/MyDrive/Liver_ultrasound/AULI_resized_images/liver_malignant_104.png,liver_holdout,malignant,benign,False
/content/gdrive/MyDrive/Liver_ultrasound/AULI_resized_images/liver_malignant_105.png,liver_holdout,malignant,benign,False
/content/gdrive/MyDrive/Liver_ultrasound/AULI_resized_images/liver_malignant_106.png,liver_holdout,malignant,benign,False
/content/gdrive/MyDrive/Liver_ultrasound/AULI_resized_images/liver_malignant_107.png,liver_holdout,malignant,benign,False
/content/gdrive/MyDrive/Liver_ultrasound/AULI_resized_images/liver_malignant_108.png,liver_holdout,malignant,benign,False
/content/gdrive/MyDrive/Liver_ultrasound/AULI_resized_images/liver_malignant_109.png,liver_holdout,malignant,benign,False
/content/gdrive/MyDrive/Liver_ultrasound/AULI_resized_images/liver_malignant_11.png,liver_holdout,malignant,benign,False
/content/gdrive/MyDrive/Liver_ultrasound/AULI_resized_images/liver_malignant_110.png,liver_holdout,malignant,benign,False
/content/gdrive/MyDrive/Liver_ultrasound/AULI_resized_images/liver_malignant_111.png,liver_holdout,malignant,benign,False
/content/gdrive/MyDrive/Liver_ultrasound/AULI_resized_images/liver_malignant_112.png,liver_holdout,malignant,benign,False
/content/gdrive/MyDrive/Liver_ultrasound/AULI_resized_images/liver_malignant_113.png,liver_holdout,malignant,benign,False
/content/gdrive/MyDrive/Liver_ultrasound/AULI_resized_images/liver_malignant_114.png,liver_holdout,malignant,benign,False
/content/gdrive/MyDrive/Liver_ultrasound/AULI_resized_images/liver_malignant_115.png,liver_holdout,malignant,benign,False
/content/gdrive/MyDrive/Liver_ultrasound/AULI_resized_images/liver_malignant_116.png,liver_holdout,malignant,benign,False
/content/gdrive/MyDrive/Liver_ultrasound/AULI_resized_images/liver_malignant_117.png,liver_holdout,malignant,benign,False
/content/gdrive/MyDrive/Liver_ultrasound/AULI_resized_images/liver_malignant_118.png,liver_holdout,malignant,benign,False
/content/gdrive/MyDrive/Liver_ultrasound/AULI_resized_images/liver_malignant_119.png,liver_holdout,malignant,benign,False
/content/gdrive/MyDrive/Liver_ultrasound/AULI_resized_images/liver_malignant_12.png,liver_holdout,malignant,benign,False
/content/gdrive/MyDrive/Liver_ultrasound/AULI_resized_images/liver_malignant_120.png,liver_holdout,malignant,benign,False
/content/gdrive/MyDrive/Liver_ultrasound/AULI_resized_images/liver_malignant_121.png,liver_holdout,malignant,benign,False
/content/gdrive/MyDrive/Liver_ultrasound/AULI_resized_images/liver_malignant_122.png,liver_holdout,malignant,benign,False
/content/gdrive/MyDrive/Liver_ultrasound/AULI_resized_images/liver_malignant_123.png,liver_holdout,malignant,benign,False
/content/gdrive/MyDrive/Liver_ultrasound/AULI_resized_images/liver_malignant_124.png,liver_holdout,malignant,benign,False
/content/gdrive/MyDrive/Liver_ultrasound/AULI_resized_images/liver_malignant_125.png,liver_holdout,malignant,benign,False
/content/gdrive/MyDrive/Liver_ultrasound/AULI_resized_images/liver_malignant_126.png,liver_holdout,malignant,benign,False
/content/gdrive/MyDrive/Liver_ultrasound/AULI_resized_images/liver_malignant_127.png,liver_holdout,malignant,benign,False
/content/gdrive/MyDrive/Liver_ultrasound/AULI_resized_images/liver_malignant_128.png,liver_holdout,malignant,benign,False
/content/gdrive/MyDrive/Liver_ultrasound/AULI_resized_images/liver_malignant_129.png,liver_holdout,malignant,benign,False
/content/gdrive/MyDrive/Liver_ultrasound/AULI_resized_images/liver_malignant_13.png,liver_holdout,malignant,benign,False
/content/gdrive/MyDrive/Liver_ultrasound/AULI_resized_images/liver_malignant_130.png,liver_holdout,malignant,benign,False
/content/gdrive/MyDrive/Liver_ultrasound/AULI_resized_images/liver_malignant_131.png,liver_holdout,malignant,benign,False
/content/gdrive/MyDrive/Liver_ultrasound/AULI_resized_images/liver_malignant_132.png,liver_holdout,malignant,normal,False
/content/gdrive/MyDrive/Liver_ultrasound/AULI_resized_images/liver_malignant_133.png,liver_holdout,malignant,benign,False
/content/gdrive/MyDrive/Liver_ultrasound/AULI_resized_images/liver_malignant_134.png,liver_holdout,malignant,malignant,True
/content/gdrive/MyDrive/Liver_ultrasound/AULI_resized_images/liver_malignant_135.png,liver_holdout,malignant,benign,False
/content/gdrive/MyDrive/Liver_ultrasound/AULI_resized_images/liver_malignant_136.png,liver_holdout,malignant,benign,False
/content/gdrive/MyDrive/Liver_ultrasound/AULI_resized_images/liver_malignant_137.png,liver_holdout,malignant,benign,False
/content/gdrive/MyDrive/Liver_ultrasound/AULI_resized_images/liver_malignant_138.png,liver_holdout,malignant,benign,False
/content/gdrive/MyDrive/Liver_ultrasound/AULI_resized_images/liver_malignant_139.png,liver_holdout,malignant,benign,False
/content/gdrive/MyDrive/Liver_ultrasound/AULI_resized_images/liver_malignant_14.png,liver_holdout,malignant,benign,False
/content/gdrive/MyDrive/Liver_ultrasound/AULI_resized_images/liver_malignant_140.png,liver_holdout,malignant,benign,False
/content/gdrive/MyDrive/Liver_ultrasound/AULI_resized_images/liver_malignant_141.png,liver_holdout,malignant,malignant,True
/content/gdrive/MyDrive/Liver_ultrasound/AULI_resized_images/liver_malignant_142.png,liver_holdout,malignant,malignant,True
/content/gdrive/MyDrive/Liver_ultrasound/AULI_resized_images/liver_malignant_143.png,liver_holdout,malignant,benign,False
/content/gdrive/MyDrive/Liver_ultrasound/AULI_resized_images/liver_malignant_144.png,liver_holdout,malignant,benign,False
/content/gdrive/MyDrive/Liver_ultrasound/AULI_resized_images/liver_malignant_145.png,liver_holdout,malignant,benign,False
/content/gdrive/MyDrive/Liver_ultrasound/AULI_resized_images/liver_malignant_146.png,liver_holdout,malignant,benign,False
/content/gdrive/MyDrive/Liver_ultrasound/AULI_resized_images/liver_malignant_147.png,liver_holdout,malignant,benign,False
/content/gdrive/MyDrive/Liver_ultrasound/AULI_resized_images/liver_malignant_148.png,liver_holdout,malignant,benign,False
/content/gdrive/MyDrive/Liver_ultrasound/AULI_resized_images/liver_malignant_149.png,liver_holdout,malignant,benign,False
/content/gdrive/MyDrive/Liver_ultrasound/AULI_resized_images/liver_malignant_15.png,liver_holdout,malignant,malignant,True
/content/gdrive/MyDrive/Liver_ultrasound/AULI_resized_images/liver_malignant_150.png,liver_holdout,malignant,benign,False
/content/gdrive/MyDrive/Liver_ultrasound/AULI_resized_images/liver_malignant_151.png,liver_holdout,malignant,benign,False
/content/gdrive/MyDrive/Liver_ultrasound/AULI_resized_images/liver_malignant_152.png,liver_holdout,malignant,benign,False
/content/gdrive/MyDrive/Liver_ultrasound/AULI_resized_images/liver_malignant_153.png,liver_holdout,malignant,benign,False
/content/gdrive/MyDrive/Liver_ultrasound/AULI_resized_images/liver_malignant_154.png,liver_holdout,malignant,benign,False
/content/gdrive/MyDrive/Liver_ultrasound/AULI_resized_images/liver_malignant_155.png,liver_holdout,malignant,benign,False
/content/gdrive/MyDrive/Liver_ultrasound/AULI_resized_images/liver_malignant_156.png,liver_holdout,malignant,benign,False
/content/gdrive/MyDrive/Liver_ultrasound/AULI_resized_images/liver_malignant_157.png,liver_holdout,malignant,benign,False
/content/gdrive/MyDrive/Liver_ultrasound/AULI_resized_images/liver_malignant_158.png,liver_holdout,malignant,benign,False
/content/gdrive/MyDrive/Liver_ultrasound/AULI_resized_images/liver_malignant_159.png,liver_holdout,malignant,benign,False
/content/gdrive/MyDrive/Liver_ultrasound/AULI_resized_images/liver_malignant_16.png,liver_holdout,malignant,benign,False
/content/gdrive/MyDrive/Liver_ultrasound/AULI_resized_images/liver_malignant_160.png,liver_holdout,malignant,benign,False
/content/gdrive/MyDrive/Liver_ultrasound/AULI_resized_images/liver_malignant_161.png,liver_holdout,malignant,benign,False
/content/gdrive/MyDrive/Liver_ultrasound/AULI_resized_images/liver_malignant_162.png,liver_holdout,malignant,benign,False
/content/gdrive/MyDrive/Liver_ultrasound/AULI_resized_images/liver_malignant_163.png,liver_holdout,malignant,benign,False
/content/gdrive/MyDrive/Liver_ultrasound/AULI_resized_images/liver_malignant_164.png,liver_holdout,malignant,benign,False
/content/gdrive/MyDrive/Liver_ultrasound/AULI_resized_images/liver_malignant_165.png,liver_holdout,malignant,benign,False
/content/gdrive/MyDrive/Liver_ultrasound/AULI_resized_images/liver_malignant_166.png,liver_holdout,malignant,benign,False
/content/gdrive/MyDrive/Liver_ultrasound/AULI_resized_images/liver_malignant_167.png,liver_holdout,malignant,normal,False
/content/gdrive/MyDrive/Liver_ultrasound/AULI_resized_images/liver_malignant_168.png,liver_holdout,malignant,benign,False
/content/gdrive/MyDrive/Liver_ultrasound/AULI_resized_images/liver_malignant_169.png,liver_holdout,malignant,benign,False
/content/gdrive/MyDrive/Liver_ultrasound/AULI_resized_images/liver_malignant_17.png,liver_holdout,malignant,benign,False
/content/gdrive/MyDrive/Liver_ultrasound/AULI_resized_images/liver_malignant_170.png,liver_holdout,malignant,benign,False
/content/gdrive/MyDrive/Liver_ultrasound/AULI_resized_images/liver_malignant_171.png,liver_holdout,malignant,benign,False
/content/gdrive/MyDrive/Liver_ultrasound/AULI_resized_images/liver_malignant_172.png,liver_holdout,malignant,benign,False
/content/gdrive/MyDrive/Liver_ultrasound/AULI_resized_images/liver_malignant_173.png,liver_holdout,malignant,benign,False
/content/gdrive/MyDrive/Liver_ultrasound/AULI_resized_images/liver_malignant_174.png,liver_holdout,malignant,benign,False
/content/gdrive/MyDrive/Liver_ultrasound/AULI_resized_images/liver_malignant_175.png,liver_holdout,malignant,malignant,True
/content/gdrive/MyDrive/Liver_ultrasound/AULI_resized_images/liver_malignant_176.png,liver_holdout,malignant,benign,False
/content/gdrive/MyDrive/Liver_ultrasound/AULI_resized_images/liver_malignant_177.png,liver_holdout,malignant,benign,False
/content/gdrive/MyDrive/Liver_ultrasound/AULI_resized_images/liver_malignant_178.png,liver_holdout,malignant,benign,False
/content/gdrive/MyDrive/Liver_ultrasound/AULI_resized_images/liver_malignant_179.png,liver_holdout,malignant,benign,False
/content/gdrive/MyDrive/Liver_ultrasound/AULI_resized_images/liver_malignant_18.png,liver_holdout,malignant,benign,False
/content/gdrive/MyDrive/Liver_ultrasound/AULI_resized_images/liver_malignant_180.png,liver_holdout,malignant,benign,False
/content/gdrive/MyDrive/Liver_ultrasound/AULI_resized_images/liver_malignant_181.png,liver_holdout,malignant,benign,False
/content/gdrive/MyDrive/Liver_ultrasound/AULI_resized_images/liver_malignant_182.png,liver_holdout,malignant,benign,False
/content/gdrive/MyDrive/Liver_ultrasound/AULI_resized_images/liver_malignant_183.png,liver_holdout,malignant,malignant,True
/content/gdrive/MyDrive/Liver_ultrasound/AULI_resized_images/liver_malignant_184.png,liver_holdout,malignant,benign,False
/content/gdrive/MyDrive/Liver_ultrasound/AULI_resized_images/liver_malignant_185.png,liver_holdout,malignant,benign,False
/content/gdrive/MyDrive/Liver_ultrasound/AULI_resized_images/liver_malignant_186.png,liver_holdout,malignant,benign,False
/content/gdrive/MyDrive/Liver_ultrasound/AULI_resized_images/liver_malignant_187.png,liver_holdout,malignant,benign,False
/content/gdrive/MyDrive/Liver_ultrasound/AULI_resized_images/liver_malignant_188.png,liver_holdout,malignant,benign,False
/content/gdrive/MyDrive/Liver_ultrasound/AULI_resized_images/liver_malignant_189.png,liver_holdout,malignant,benign,False
/content/gdrive/MyDrive/Liver_ultrasound/AULI_resized_images/liver_malignant_19.png,liver_holdout,malignant,benign,False
/content/gdrive/MyDrive/Liver_ultrasound/AULI_resized_images/liver_malignant_190.png,liver_holdout,malignant,benign,False
/content/gdrive/MyDrive/Liver_ultrasound/AULI_resized_images/liver_malignant_191.png,liver_holdout,malignant,benign,False
/content/gdrive/MyDrive/Liver_ultrasound/AULI_resized_images/liver_malignant_192.png,liver_holdout,malignant,benign,False
/content/gdrive/MyDrive/Liver_ultrasound/AULI_resized_images/liver_malignant_193.png,liver_holdout,malignant,benign,False
/content/gdrive/MyDrive/Liver_ultrasound/AULI_resized_images/liver_malignant_194.png,liver_holdout,malignant,benign,False
/content/gdrive/MyDrive/Liver_ultrasound/AULI_resized_images/liver_malignant_195.png,liver_holdout,malignant,benign,False
/content/gdrive/MyDrive/Liver_ultrasound/AULI_resized_images/liver_malignant_196.png,liver_holdout,malignant,benign,False
/content/gdrive/MyDrive/Liver_ultrasound/AULI_resized_images/liver_malignant_197.png,liver_holdout,malignant,benign,False
/content/gdrive/MyDrive/Liver_ultrasound/AULI_resized_images/liver_malignant_198.png,liver_holdout,malignant,benign,False
/content/gdrive/MyDrive/Liver_ultrasound/AULI_resized_images/liver_malignant_199.png,liver_holdout,malignant,benign,False
/content/gdrive/MyDrive/Liver_ultrasound/AULI_resized_images/liver_malignant_2.png,liver_holdout,malignant,benign,False
/content/gdrive/MyDrive/Liver_ultrasound/AULI_resized_images/liver_malignant_20.png,liver_holdout,malignant,benign,False
/content/gdrive/MyDrive/Liver_ultrasound/AULI_resized_images/liver_malignant_200.png,liver_holdout,malignant,benign,False
/content/gdrive/MyDrive/Liver_ultrasound/AULI_resized_images/liver_malignant_201.png,liver_holdout,malignant,benign,False
/content/gdrive/MyDrive/Liver_ultrasound/AULI_resized_images/liver_malignant_202.png,liver_holdout,malignant,malignant,True
/content/gdrive/MyDrive/Liver_ultrasound/AULI_resized_images/liver_malignant_203.png,liver_holdout,malignant,malignant,True
/content/gdrive/MyDrive/Liver_ultrasound/AULI_resized_images/liver_malignant_204.png,liver_holdout,malignant,benign,False
/content/gdrive/MyDrive/Liver_ultrasound/AULI_resized_images/liver_malignant_205.png,liver_holdout,malignant,benign,False
/content/gdrive/MyDrive/Liver_ultrasound/AULI_resized_images/liver_malignant_206.png,liver_holdout,malignant,benign,False
/content/gdrive/MyDrive/Liver_ultrasound/AULI_resized_images/liver_malignant_207.png,liver_holdout,malignant,benign,False
/content/gdrive/MyDrive/Liver_ultrasound/AULI_resized_images/liver_malignant_208.png,liver_holdout,malignant,benign,False
/content/gdrive/MyDrive/Liver_ultrasound/AULI_resized_images/liver_malignant_209.png,liver_holdout,malignant,benign,False
/content/gdrive/MyDrive/Liver_ultrasound/AULI_resized_images/liver_malignant_21.png,liver_holdout,malignant,benign,False
/content/gdrive/MyDrive/Liver_ultrasound/AULI_resized_images/liver_malignant_210.png,liver_holdout,malignant,benign,False
/content/gdrive/MyDrive/Liver_ultrasound/AULI_resized_images/liver_malignant_211.png,liver_holdout,malignant,benign,False
/content/gdrive/MyDrive/Liver_ultrasound/AULI_resized_images/liver_malignant_212.png,liver_holdout,malignant,benign,False
/content/gdrive/MyDrive/Liver_ultrasound/AULI_resized_images/liver_malignant_213.png,liver_holdout,malignant,benign,False
/content/gdrive/MyDrive/Liver_ultrasound/AULI_resized_images/liver_malignant_214.png,liver_holdout,malignant,benign,False
/content/gdrive/MyDrive/Liver_ultrasound/AULI_resized_images/liver_malignant_215.png,liver_holdout,malignant,benign,False
/content/gdrive/MyDrive/Liver_ultrasound/AULI_resized_images/liver_malignant_216.png,liver_holdout,malignant,malignant,True
/content/gdrive/MyDrive/Liver_ultrasound/AULI_resized_images/liver_malignant_217.png,liver_holdout,malignant,benign,False
/content/gdrive/MyDrive/Liver_ultrasound/AULI_resized_images/liver_malignant_218.png,liver_holdout,malignant,benign,False
/content/gdrive/MyDrive/Liver_ultrasound/AULI_resized_images/liver_malignant_219.png,liver_holdout,malignant,benign,False
/content/gdrive/MyDrive/Liver_ultrasound/AULI_resized_images/liver_malignant_22.png,liver_holdout,malignant,benign,False
/content/gdrive/MyDrive/Liver_ultrasound/AULI_resized_images/liver_malignant_220.png,liver_holdout,malignant,benign,False
/content/gdrive/MyDrive/Liver_ultrasound/AULI_resized_images/liver_malignant_221.png,liver_holdout,malignant,benign,False
/content/gdrive/MyDrive/Liver_ultrasound/AULI_resized_images/liver_malignant_222.png,liver_holdout,malignant,benign,False
/content/gdrive/MyDrive/Liver_ultrasound/AULI_resized_images/liver_malignant_223.png,liver_holdout,malignant,benign,False
/content/gdrive/MyDrive/Liver_ultrasound/AULI_resized_images/liver_malignant_224.png,liver_holdout,malignant,benign,False
/content/gdrive/MyDrive/Liver_ultrasound/AULI_resized_images/liver_malignant_225.png,liver_holdout,malignant,benign,False
/content/gdrive/MyDrive/Liver_ultrasound/AULI_resized_images/liver_malignant_226.png,liver_holdout,malignant,benign,False
/content/gdrive/MyDrive/Liver_ultrasound/AULI_resized_images/liver_malignant_227.png,liver_holdout,malignant,benign,False
/content/gdrive/MyDrive/Liver_ultrasound/AULI_resized_images/liver_malignant_228.png,liver_holdout,malignant,benign,False
/content/gdrive/MyDrive/Liver_ultrasound/AULI_resized_images/liver_malignant_229.png,liver_holdout,malignant,benign,False
/content/gdrive/MyDrive/Liver_ultrasound/AULI_resized_images/liver_malignant_23.png,liver_holdout,malignant,benign,False
/content/gdrive/MyDrive/Liver_ultrasound/AULI_resized_images/liver_malignant_230.png,liver_holdout,malignant,benign,False
/content/gdrive/MyDrive/Liver_ultrasound/AULI_resized_images/liver_malignant_231.png,liver_holdout,malignant,benign,False
/content/gdrive/MyDrive/Liver_ultrasound/AULI_resized_images/liver_malignant_232.png,liver_holdout,malignant,benign,False
/content/gdrive/MyDrive/Liver_ultrasound/AULI_resized_images/liver_malignant_233.png,liver_holdout,malignant,benign,False
/content/gdrive/MyDrive/Liver_ultrasound/AULI_resized_images/liver_malignant_234.png,liver_holdout,malignant,benign,False
/content/gdrive/MyDrive/Liver_ultrasound/AULI_resized_images/liver_malignant_235.png,liver_holdout,malignant,normal,False
/content/gdrive/MyDrive/Liver_ultrasound/AULI_resized_images/liver_malignant_236.png,liver_holdout,malignant,benign,False
/content/gdrive/MyDrive/Liver_ultrasound/AULI_resized_images/liver_malignant_237.png,liver_holdout,malignant,benign,False
/content/gdrive/MyDrive/Liver_ultrasound/AULI_resized_images/liver_malignant_238.png,liver_holdout,malignant,benign,False
/content/gdrive/MyDrive/Liver_ultrasound/AULI_resized_images/liver_malignant_239.png,liver_holdout,malignant,benign,False
/content/gdrive/MyDrive/Liver_ultrasound/AULI_resized_images/liver_malignant_24.png,liver_holdout,malignant,benign,False
/content/gdrive/MyDrive/Liver_ultrasound/AULI_resized_images/liver_malignant_240.png,liver_holdout,malignant,normal,False
/content/gdrive/MyDrive/Liver_ultrasound/AULI_resized_images/liver_malignant_241.png,liver_holdout,malignant,benign,False
/content/gdrive/MyDrive/Liver_ultrasound/AULI_resized_images/liver_malignant_242.png,liver_holdout,malignant,benign,False
/content/gdrive/MyDrive/Liver_ultrasound/AULI_resized_images/liver_malignant_243.png,liver_holdout,malignant,benign,False
/content/gdrive/MyDrive/Liver_ultrasound/AULI_resized_images/liver_malignant_244.png,liver_holdout,malignant,benign,False
/content/gdrive/MyDrive/Liver_ultrasound/AULI_resized_images/liver_malignant_245.png,liver_holdout,malignant,benign,False
/content/gdrive/MyDrive/Liver_ultrasound/AULI_resized_images/liver_malignant_246.png,liver_holdout,malignant,benign,False
/content/gdrive/MyDrive/Liver_ultrasound/AULI_resized_images/liver_malignant_247.png,liver_holdout,malignant,benign,False
/content/gdrive/MyDrive/Liver_ultrasound/AULI_resized_images/liver_malignant_248.png,liver_holdout,malignant,benign,False
/content/gdrive/MyDrive/Liver_ultrasound/AULI_resized_images/liver_malignant_249.png,liver_holdout,malignant,malignant,True
/content/gdrive/MyDrive/Liver_ultrasound/AULI_resized_images/liver_malignant_25.png,liver_holdout,malignant,benign,False
/content/gdrive/MyDrive/Liver_ultrasound/AULI_resized_images/liver_malignant_250.png,liver_holdout,malignant,benign,False
/content/gdrive/MyDrive/Liver_ultrasound/AULI_resized_images/liver_malignant_251.png,liver_holdout,malignant,benign,False
/content/gdrive/MyDrive/Liver_ultrasound/AULI_resized_images/liver_malignant_252.png,liver_holdout,malignant,benign,False
/content/gdrive/MyDrive/Liver_ultrasound/AULI_resized_images/liver_malignant_253.png,liver_holdout,malignant,benign,False
/content/gdrive/MyDrive/Liver_ultrasound/AULI_resized_images/liver_malignant_254.png,liver_holdout,malignant,benign,False
/content/gdrive/MyDrive/Liver_ultrasound/AULI_resized_images/liver_malignant_255.png,liver_holdout,malignant,benign,False
/content/gdrive/MyDrive/Liver_ultrasound/AULI_resized_images/liver_malignant_256.png,liver_holdout,malignant,benign,False
/content/gdrive/MyDrive/Liver_ultrasound/AULI_resized_images/liver_malignant_257.png,liver_holdout,malignant,benign,False
/content/gdrive/MyDrive/Liver_ultrasound/AULI_resized_images/liver_malignant_258.png,liver_holdout,malignant,benign,False
/content/gdrive/MyDrive/Liver_ultrasound/AULI_resized_images/liver_malignant_259.png,liver_holdout,malignant,benign,False
/content/gdrive/MyDrive/Liver_ultrasound/AULI_resized_images/liver_malignant_26.png,liver_holdout,malignant,malignant,True
/content/gdrive/MyDrive/Liver_ultrasound/AULI_resized_images/liver_malignant_260.png,liver_holdout,malignant,benign,False
/content/gdrive/MyDrive/Liver_ultrasound/AULI_resized_images/liver_malignant_261.png,liver_holdout,malignant,benign,False
/content/gdrive/MyDrive/Liver_ultrasound/AULI_resized_images/liver_malignant_262.png,liver_holdout,malignant,benign,False
/content/gdrive/MyDrive/Liver_ultrasound/AULI_resized_images/liver_malignant_263.png,liver_holdout,malignant,benign,False
/content/gdrive/MyDrive/Liver_ultrasound/AULI_resized_images/liver_malignant_264.png,liver_holdout,malignant,normal,False
/content/gdrive/MyDrive/Liver_ultrasound/AULI_resized_images/liver_malignant_265.png,liver_holdout,malignant,benign,False
/content/gdrive/MyDrive/Liver_ultrasound/AULI_resized_images/liver_malignant_266.png,liver_holdout,malignant,benign,False
/content/gdrive/MyDrive/Liver_ultrasound/AULI_resized_images/liver_malignant_267.png,liver_holdout,malignant,benign,False
/content/gdrive/MyDrive/Liver_ultrasound/AULI_resized_images/liver_malignant_268.png,liver_holdout,malignant,benign,False
/content/gdrive/MyDrive/Liver_ultrasound/AULI_resized_images/liver_malignant_269.png,liver_holdout,malignant,benign,False
/content/gdrive/MyDrive/Liver_ultrasound/AULI_resized_images/liver_malignant_27.png,liver_holdout,malignant,benign,False
/content/gdrive/MyDrive/Liver_ultrasound/AULI_resized_images/liver_malignant_270.png,liver_holdout,malignant,benign,False
/content/gdrive/MyDrive/Liver_ultrasound/AULI_resized_images/liver_malignant_271.png,liver_holdout,malignant,benign,False
/content/gdrive/MyDrive/Liver_ultrasound/AULI_resized_images/liver_malignant_272.png,liver_holdout,malignant,normal,False
/content/gdrive/MyDrive/Liver_ultrasound/AULI_resized_images/liver_malignant_273.png,liver_holdout,malignant,benign,False
/content/gdrive/MyDrive/Liver_ultrasound/AULI_resized_images/liver_malignant_274.png,liver_holdout,malignant,benign,False
/content/gdrive/MyDrive/Liver_ultrasound/AULI_resized_images/liver_malignant_275.png,liver_holdout,malignant,malignant,True
/content/gdrive/MyDrive/Liver_ultrasound/AULI_resized_images/liver_malignant_276.png,liver_holdout,malignant,benign,False
/content/gdrive/MyDrive/Liver_ultrasound/AULI_resized_images/liver_malignant_277.png,liver_holdout,malignant,benign,False
/content/gdrive/MyDrive/Liver_ultrasound/AULI_resized_images/liver_malignant_278.png,liver_holdout,malignant,benign,False
/content/gdrive/MyDrive/Liver_ultrasound/AULI_resized_images/liver_malignant_279.png,liver_holdout,malignant,benign,False
/content/gdrive/MyDrive/Liver_ultrasound/AULI_resized_images/liver_malignant_28.png,liver_holdout,malignant,benign,False
/content/gdrive/MyDrive/Liver_ultrasound/AULI_resized_images/liver_malignant_280.png,liver_holdout,malignant,benign,False
/content/gdrive/MyDrive/Liver_ultrasound/AULI_resized_images/liver_malignant_281.png,liver_holdout,malignant,benign,False
/content/gdrive/MyDrive/Liver_ultrasound/AULI_resized_images/liver_malignant_282.png,liver_holdout,malignant,benign,False
/content/gdrive/MyDrive/Liver_ultrasound/AULI_resized_images/liver_malignant_283.png,liver_holdout,malignant,benign,False
/content/gdrive/MyDrive/Liver_ultrasound/AULI_resized_images/liver_malignant_284.png,liver_holdout,malignant,benign,False
/content/gdrive/MyDrive/Liver_ultrasound/AULI_resized_images/liver_malignant_285.png,liver_holdout,malignant,benign,False
/content/gdrive/MyDrive/Liver_ultrasound/AULI_resized_images/liver_malignant_286.png,liver_holdout,malignant,benign,False
/content/gdrive/MyDrive/Liver_ultrasound/AULI_resized_images/liver_malignant_287.png,liver_holdout,malignant,normal,False
/content/gdrive/MyDrive/Liver_ultrasound/AULI_resized_images/liver_malignant_288.png,liver_holdout,malignant,benign,False
/content/gdrive/MyDrive/Liver_ultrasound/AULI_resized_images/liver_malignant_289.png,liver_holdout,malignant,benign,False
/content/gdrive/MyDrive/Liver_ultrasound/AULI_resized_images/liver_malignant_29.png,liver_holdout,malignant,benign,False
/content/gdrive/MyDrive/Liver_ultrasound/AULI_resized_images/liver_malignant_290.png,liver_holdout,malignant,benign,False
/content/gdrive/MyDrive/Liver_ultrasound/AULI_resized_images/liver_malignant_291.png,liver_holdout,malignant,benign,False
/content/gdrive/MyDrive/Liver_ultrasound/AULI_resized_images/liver_malignant_292.png,liver_holdout,malignant,benign,False
/content/gdrive/MyDrive/Liver_ultrasound/AULI_resized_images/liver_malignant_293.png,liver_holdout,malignant,benign,False
/content/gdrive/MyDrive/Liver_ultrasound/AULI_resized_images/liver_malignant_294.png,liver_holdout,malignant,benign,False
/content/gdrive/MyDrive/Liver_ultrasound/AULI_resized_images/liver_malignant_295.png,liver_holdout,malignant,benign,False
/content/gdrive/MyDrive/Liver_ultrasound/AULI_resized_images/liver_malignant_296.png,liver_holdout,malignant,benign,False
/content/gdrive/MyDrive/Liver_ultrasound/AULI_resized_images/liver_malignant_297.png,liver_holdout,malignant,benign,False
/content/gdrive/MyDrive/Liver_ultrasound/AULI_resized_images/liver_malignant_298.png,liver_holdout,malignant,benign,False
/content/gdrive/MyDrive/Liver_ultrasound/AULI_resized_images/liver_malignant_299.png,liver_holdout,malignant,benign,False
/content/gdrive/MyDrive/Liver_ultrasound/AULI_resized_images/liver_malignant_3.png,liver_holdout,malignant,benign,False
/content/gdrive/MyDrive/Liver_ultrasound/AULI_resized_images/liver_malignant_30.png,liver_holdout,malignant,benign,False
/content/gdrive/MyDrive/Liver_ultrasound/AULI_resized_images/liver_malignant_300.png,liver_holdout,malignant,benign,False
/content/gdrive/MyDrive/Liver_ultrasound/AULI_resized_images/liver_malignant_301.png,liver_holdout,malignant,benign,False
/content/gdrive/MyDrive/Liver_ultrasound/AULI_resized_images/liver_malignant_302.png,liver_holdout,malignant,benign,False
/content/gdrive/MyDrive/Liver_ultrasound/AULI_resized_images/liver_malignant_303.png,liver_holdout,malignant,benign,False
/content/gdrive/MyDrive/Liver_ultrasound/AULI_resized_images/liver_malignant_304.png,liver_holdout,malignant,benign,False
/content/gdrive/MyDrive/Liver_ultrasound/AULI_resized_images/liver_malignant_305.png,liver_holdout,malignant,benign,False
/content/gdrive/MyDrive/Liver_ultrasound/AULI_resized_images/liver_malignant_306.png,liver_holdout,malignant,normal,False
/content/gdrive/MyDrive/Liver_ultrasound/AULI_resized_images/liver_malignant_307.png,liver_holdout,malignant,benign,False
/content/gdrive/MyDrive/Liver_ultrasound/AULI_resized_images/liver_malignant_308.png,liver_holdout,malignant,benign,False
/content/gdrive/MyDrive/Liver_ultrasound/AULI_resized_images/liver_malignant_309.png,liver_holdout,malignant,benign,False
/content/gdrive/MyDrive/Liver_ultrasound/AULI_resized_images/liver_malignant_31.png,liver_holdout,malignant,benign,False
/content/gdrive/MyDrive/Liver_ultrasound/AULI_resized_images/liver_malignant_310.png,liver_holdout,malignant,benign,False
/content/gdrive/MyDrive/Liver_ultrasound/AULI_resized_images/liver_malignant_311.png,liver_holdout,malignant,benign,False
/content/gdrive/MyDrive/Liver_ultrasound/AULI_resized_images/liver_malignant_312.png,liver_holdout,malignant,benign,False
/content/gdrive/MyDrive/Liver_ultrasound/AULI_resized_images/liver_malignant_313.png,liver_holdout,malignant,benign,False
/content/gdrive/MyDrive/Liver_ultrasound/AULI_resized_images/liver_malignant_314.png,liver_holdout,malignant,benign,False
/content/gdrive/MyDrive/Liver_ultrasound/AULI_resized_images/liver_malignant_315.png,liver_holdout,malignant,benign,False
/content/gdrive/MyDrive/Liver_ultrasound/AULI_resized_images/liver_malignant_316.png,liver_holdout,malignant,benign,False
/content/gdrive/MyDrive/Liver_ultrasound/AULI_resized_images/liver_malignant_317.png,liver_holdout,malignant,benign,False
/content/gdrive/MyDrive/Liver_ultrasound/AULI_resized_images/liver_malignant_318.png,liver_holdout,malignant,benign,False
/content/gdrive/MyDrive/Liver_ultrasound/AULI_resized_images/liver_malignant_319.png,liver_holdout,malignant,benign,False
/content/gdrive/MyDrive/Liver_ultrasound/AULI_resized_images/liver_malignant_32.png,liver_holdout,malignant,benign,False
/content/gdrive/MyDrive/Liver_ultrasound/AULI_resized_images/liver_malignant_320.png,liver_holdout,malignant,benign,False
/content/gdrive/MyDrive/Liver_ultrasound/AULI_resized_images/liver_malignant_321.png,liver_holdout,malignant,benign,False
/content/gdrive/MyDrive/Liver_ultrasound/AULI_resized_images/liver_malignant_322.png,liver_holdout,malignant,malignant,True
/content/gdrive/MyDrive/Liver_ultrasound/AULI_resized_images/liver_malignant_323.png,liver_holdout,malignant,benign,False
/content/gdrive/MyDrive/Liver_ultrasound/AULI_resized_images/liver_malignant_324.png,liver_holdout,malignant,benign,False
/content/gdrive/MyDrive/Liver_ultrasound/AULI_resized_images/liver_malignant_325.png,liver_holdout,malignant,benign,False
/content/gdrive/MyDrive/Liver_ultrasound/AULI_resized_images/liver_malignant_326.png,liver_holdout,malignant,benign,False
/content/gdrive/MyDrive/Liver_ultrasound/AULI_resized_images/liver_malignant_327.png,liver_holdout,malignant,malignant,True
/content/gdrive/MyDrive/Liver_ultrasound/AULI_resized_images/liver_malignant_328.png,liver_holdout,malignant,benign,False
/content/gdrive/MyDrive/Liver_ultrasound/AULI_resized_images/liver_malignant_329.png,liver_holdout,malignant,benign,False
/content/gdrive/MyDrive/Liver_ultrasound/AULI_resized_images/liver_malignant_33.png,liver_holdout,malignant,benign,False
/content/gdrive/MyDrive/Liver_ultrasound/AULI_resized_images/liver_malignant_330.png,liver_holdout,malignant,benign,False
/content/gdrive/MyDrive/Liver_ultrasound/AULI_resized_images/liver_malignant_331.png,liver_holdout,malignant,benign,False
/content/gdrive/MyDrive/Liver_ultrasound/AULI_resized_images/liver_malignant_332.png,liver_holdout,malignant,benign,False
/content/gdrive/MyDrive/Liver_ultrasound/AULI_resized_images/liver_malignant_333.png,liver_holdout,malignant,benign,False
/content/gdrive/MyDrive/Liver_ultrasound/AULI_resized_images/liver_malignant_334.png,liver_holdout,malignant,benign,False
/content/gdrive/MyDrive/Liver_ultrasound/AULI_resized_images/liver_malignant_335.png,liver_holdout,malignant,benign,False
/content/gdrive/MyDrive/Liver_ultrasound/AULI_resized_images/liver_malignant_336.png,liver_holdout,malignant,benign,False
/content/gdrive/MyDrive/Liver_ultrasound/AULI_resized_images/liver_malignant_337.png,liver_holdout,malignant,benign,False
/content/gdrive/MyDrive/Liver_ultrasound/AULI_resized_images/liver_malignant_338.png,liver_holdout,malignant,malignant,True
/content/gdrive/MyDrive/Liver_ultrasound/AULI_resized_images/liver_malignant_339.png,liver_holdout,malignant,benign,False
/content/gdrive/MyDrive/Liver_ultrasound/AULI_resized_images/liver_malignant_34.png,liver_holdout,malignant,benign,False
/content/gdrive/MyDrive/Liver_ultrasound/AULI_resized_images/liver_malignant_340.png,liver_holdout,malignant,benign,False
/content/gdrive/MyDrive/Liver_ultrasound/AULI_resized_images/liver_malignant_341.png,liver_holdout,malignant,benign,False
/content/gdrive/MyDrive/Liver_ultrasound/AULI_resized_images/liver_malignant_342.png,liver_holdout,malignant,benign,False
/content/gdrive/MyDrive/Liver_ultrasound/AULI_resized_images/liver_malignant_343.png,liver_holdout,malignant,benign,False
/content/gdrive/MyDrive/Liver_ultrasound/AULI_resized_images/liver_malignant_344.png,liver_holdout,malignant,normal,False
/content/gdrive/MyDrive/Liver_ultrasound/AULI_resized_images/liver_malignant_345.png,liver_holdout,malignant,benign,False
/content/gdrive/MyDrive/Liver_ultrasound/AULI_resized_images/liver_malignant_346.png,liver_holdout,malignant,benign,False
/content/gdrive/MyDrive/Liver_ultrasound/AULI_resized_images/liver_malignant_347.png,liver_holdout,malignant,malignant,True
/content/gdrive/MyDrive/Liver_ultrasound/AULI_resized_images/liver_malignant_348.png,liver_holdout,malignant,benign,False
/content/gdrive/MyDrive/Liver_ultrasound/AULI_resized_images/liver_malignant_349.png,liver_holdout,malignant,benign,False
/content/gdrive/MyDrive/Liver_ultrasound/AULI_resized_images/liver_malignant_35.png,liver_holdout,malignant,benign,False
/content/gdrive/MyDrive/Liver_ultrasound/AULI_resized_images/liver_malignant_350.png,liver_holdout,malignant,benign,False
/content/gdrive/MyDrive/Liver_ultrasound/AULI_resized_images/liver_malignant_351.png,liver_holdout,malignant,benign,False
/content/gdrive/MyDrive/Liver_ultrasound/AULI_resized_images/liver_malignant_352.png,liver_holdout,malignant,benign,False
/content/gdrive/MyDrive/Liver_ultrasound/AULI_resized_images/liver_malignant_353.png,liver_holdout,malignant,benign,False
/content/gdrive/MyDrive/Liver_ultrasound/AULI_resized_images/liver_malignant_354.png,liver_holdout,malignant,benign,False
/content/gdrive/MyDrive/Liver_ultrasound/AULI_resized_images/liver_malignant_355.png,liver_holdout,malignant,benign,False
/content/gdrive/MyDrive/Liver_ultrasound/AULI_resized_images/liver_malignant_356.png,liver_holdout,malignant,benign,False
/content/gdrive/MyDrive/Liver_ultrasound/AULI_resized_images/liver_malignant_357.png,liver_holdout,malignant,benign,False
/content/gdrive/MyDrive/Liver_ultrasound/AULI_resized_images/liver_malignant_358.png,liver_holdout,malignant,benign,False
/content/gdrive/MyDrive/Liver_ultrasound/AULI_resized_images/liver_malignant_359.png,liver_holdout,malignant,benign,False
/content/gdrive/MyDrive/Liver_ultrasound/AULI_resized_images/liver_malignant_36.png,liver_holdout,malignant,benign,False
/content/gdrive/MyDrive/Liver_ultrasound/AULI_resized_images/liver_malignant_360.png,liver_holdout,malignant,benign,False
/content/gdrive/MyDrive/Liver_ultrasound/AULI_resized_images/liver_malignant_361.png,liver_holdout,malignant,benign,False
/content/gdrive/MyDrive/Liver_ultrasound/AULI_resized_images/liver_malignant_362.png,liver_holdout,malignant,benign,False
/content/gdrive/MyDrive/Liver_ultrasound/AULI_resized_images/liver_malignant_363.png,liver_holdout,malignant,benign,False
/content/gdrive/MyDrive/Liver_ultrasound/AULI_resized_images/liver_malignant_364.png,liver_holdout,malignant,benign,False
/content/gdrive/MyDrive/Liver_ultrasound/AULI_resized_images/liver_malignant_365.png,liver_holdout,malignant,benign,False
/content/gdrive/MyDrive/Liver_ultrasound/AULI_resized_images/liver_malignant_366.png,liver_holdout,malignant,benign,False
/content/gdrive/MyDrive/Liver_ultrasound/AULI_resized_images/liver_malignant_367.png,liver_holdout,malignant,benign,False
/content/gdrive/MyDrive/Liver_ultrasound/AULI_resized_images/liver_malignant_368.png,liver_holdout,malignant,benign,False
/content/gdrive/MyDrive/Liver_ultrasound/AULI_resized_images/liver_malignant_369.png,liver_holdout,malignant,benign,False
/content/gdrive/MyDrive/Liver_ultrasound/AULI_resized_images/liver_malignant_37.png,liver_holdout,malignant,benign,False
/content/gdrive/MyDrive/Liver_ultrasound/AULI_resized_images/liver_malignant_370.png,liver_holdout,malignant,benign,False
/content/gdrive/MyDrive/Liver_ultrasound/AULI_resized_images/liver_malignant_371.png,liver_holdout,malignant,benign,False
/content/gdrive/MyDrive/Liver_ultrasound/AULI_resized_images/liver_malignant_372.png,liver_holdout,malignant,benign,False
/content/gdrive/MyDrive/Liver_ultrasound/AULI_resized_images/liver_malignant_373.png,liver_holdout,malignant,benign,False
/content/gdrive/MyDrive/Liver_ultrasound/AULI_resized_images/liver_malignant_374.png,liver_holdout,malignant,benign,False
/content/gdrive/MyDrive/Liver_ultrasound/AULI_resized_images/liver_malignant_375.png,liver_holdout,malignant,benign,False
/content/gdrive/MyDrive/Liver_ultrasound/AULI_resized_images/liver_malignant_376.png,liver_holdout,malignant,benign,False
/content/gdrive/MyDrive/Liver_ultrasound/AULI_resized_images/liver_malignant_377.png,liver_holdout,malignant,benign,False
/content/gdrive/MyDrive/Liver_ultrasound/AULI_resized_images/liver_malignant_378.png,liver_holdout,malignant,benign,False
/content/gdrive/MyDrive/Liver_ultrasound/AULI_resized_images/liver_malignant_379.png,liver_holdout,malignant,benign,False
/content/gdrive/MyDrive/Liver_ultrasound/AULI_resized_images/liver_malignant_38.png,liver_holdout,malignant,benign,False
/content/gdrive/MyDrive/Liver_ultrasound/AULI_resized_images/liver_malignant_380.png,liver_holdout,malignant,benign,False
/content/gdrive/MyDrive/Liver_ultrasound/AULI_resized_images/liver_malignant_381.png,liver_holdout,malignant,benign,False
/content/gdrive/MyDrive/Liver_ultrasound/AULI_resized_images/liver_malignant_382.png,liver_holdout,malignant,benign,False
/content/gdrive/MyDrive/Liver_ultrasound/AULI_resized_images/liver_malignant_383.png,liver_holdout,malignant,benign,False
/content/gdrive/MyDrive/Liver_ultrasound/AULI_resized_images/liver_malignant_384.png,liver_holdout,malignant,normal,False
/content/gdrive/MyDrive/Liver_ultrasound/AULI_resized_images/liver_malignant_385.png,liver_holdout,malignant,benign,False
/content/gdrive/MyDrive/Liver_ultrasound/AULI_resized_images/liver_malignant_386.png,liver_holdout,malignant,benign,False
/content/gdrive/MyDrive/Liver_ultrasound/AULI_resized_images/liver_malignant_387.png,liver_holdout,malignant,benign,False
/content/gdrive/MyDrive/Liver_ultrasound/AULI_resized_images/liver_malignant_388.png,liver_holdout,malignant,benign,False
/content/gdrive/MyDrive/Liver_ultrasound/AULI_resized_images/liver_malignant_389.png,liver_holdout,malignant,benign,False
/content/gdrive/MyDrive/Liver_ultrasound/AULI_resized_images/liver_malignant_39.png,liver_holdout,malignant,benign,False
/content/gdrive/MyDrive/Liver_ultrasound/AULI_resized_images/liver_malignant_390.png,liver_holdout,malignant,benign,False
/content/gdrive/MyDrive/Liver_ultrasound/AULI_resized_images/liver_malignant_391.png,liver_holdout,malignant,benign,False
/content/gdrive/MyDrive/Liver_ultrasound/AULI_resized_images/liver_malignant_392.png,liver_holdout,malignant,benign,False
/content/gdrive/MyDrive/Liver_ultrasound/AULI_resized_images/liver_malignant_393.png,liver_holdout,malignant,benign,False
/content/gdrive/MyDrive/Liver_ultrasound/AULI_resized_images/liver_malignant_394.png,liver_holdout,malignant,benign,False
/content/gdrive/MyDrive/Liver_ultrasound/AULI_resized_images/liver_malignant_395.png,liver_holdout,malignant,normal,False
/content/gdrive/MyDrive/Liver_ultrasound/AULI_resized_images/liver_malignant_396.png,liver_holdout,malignant,benign,False
/content/gdrive/MyDrive/Liver_ultrasound/AULI_resized_images/liver_malignant_397.png,liver_holdout,malignant,benign,False
/content/gdrive/MyDrive/Liver_ultrasound/AULI_resized_images/liver_malignant_398.png,liver_holdout,malignant,benign,False
/content/gdrive/MyDrive/Liver_ultrasound/AULI_resized_images/liver_malignant_399.png,liver_holdout,malignant,benign,False
/content/gdrive/MyDrive/Liver_ultrasound/AULI_resized_images/liver_malignant_4.png,liver_holdout,malignant,benign,False
/content/gdrive/MyDrive/Liver_ultrasound/AULI_resized_images/liver_malignant_40.png,liver_holdout,malignant,benign,False
/content/gdrive/MyDrive/Liver_ultrasound/AULI_resized_images/liver_malignant_400.png,liver_holdout,malignant,benign,False
/content/gdrive/MyDrive/Liver_ultrasound/AULI_resized_images/liver_malignant_401.png,liver_holdout,malignant,benign,False
/content/gdrive/MyDrive/Liver_ultrasound/AULI_resized_images/liver_malignant_402.png,liver_holdout,malignant,benign,False
/content/gdrive/MyDrive/Liver_ultrasound/AULI_resized_images/liver_malignant_403.png,liver_holdout,malignant,benign,False
/content/gdrive/MyDrive/Liver_ultrasound/AULI_resized_images/liver_malignant_404.png,liver_holdout,malignant,benign,False
/content/gdrive/MyDrive/Liver_ultrasound/AULI_resized_images/liver_malignant_405.png,liver_holdout,malignant,benign,False
/content/gdrive/MyDrive/Liver_ultrasound/AULI_resized_images/liver_malignant_406.png,liver_holdout,malignant,benign,False
/content/gdrive/MyDrive/Liver_ultrasound/AULI_resized_images/liver_malignant_407.png,liver_holdout,malignant,benign,False
/content/gdrive/MyDrive/Liver_ultrasound/AULI_resized_images/liver_malignant_408.png,liver_holdout,malignant,benign,False
/content/gdrive/MyDrive/Liver_ultrasound/AULI_resized_images/liver_malignant_409.png,liver_holdout,malignant,benign,False
/content/gdrive/MyDrive/Liver_ultrasound/AULI_resized_images/liver_malignant_41.png,liver_holdout,malignant,benign,False
/content/gdrive/MyDrive/Liver_ultrasound/AULI_resized_images/liver_malignant_410.png,liver_holdout,malignant,benign,False
/content/gdrive/MyDrive/Liver_ultrasound/AULI_resized_images/liver_malignant_411.png,liver_holdout,malignant,benign,False
/content/gdrive/MyDrive/Liver_ultrasound/AULI_resized_images/liver_malignant_412.png,liver_holdout,malignant,benign,False
/content/gdrive/MyDrive/Liver_ultrasound/AULI_resized_images/liver_malignant_413.png,liver_holdout,malignant,benign,False
/content/gdrive/MyDrive/Liver_ultrasound/AULI_resized_images/liver_malignant_414.png,liver_holdout,malignant,benign,False
/content/gdrive/MyDrive/Liver_ultrasound/AULI_resized_images/liver_malignant_415.png,liver_holdout,malignant,benign,False
/content/gdrive/MyDrive/Liver_ultrasound/AULI_resized_images/liver_malignant_416.png,liver_holdout,malignant,benign,False
/content/gdrive/MyDrive/Liver_ultrasound/AULI_resized_images/liver_malignant_417.png,liver_holdout,malignant,benign,False
/content/gdrive/MyDrive/Liver_ultrasound/AULI_resized_images/liver_malignant_418.png,liver_holdout,malignant,benign,False
/content/gdrive/MyDrive/Liver_ultrasound/AULI_resized_images/liver_malignant_419.png,liver_holdout,malignant,benign,False
/content/gdrive/MyDrive/Liver_ultrasound/AULI_resized_images/liver_malignant_42.png,liver_holdout,malignant,benign,False
/content/gdrive/MyDrive/Liver_ultrasound/AULI_resized_images/liver_malignant_420.png,liver_holdout,malignant,benign,False
/content/gdrive/MyDrive/Liver_ultrasound/AULI_resized_images/liver_malignant_421.png,liver_holdout,malignant,benign,False
/content/gdrive/MyDrive/Liver_ultrasound/AULI_resized_images/liver_malignant_422.png,liver_holdout,malignant,benign,False
/content/gdrive/MyDrive/Liver_ultrasound/AULI_resized_images/liver_malignant_423.png,liver_holdout,malignant,benign,False
/content/gdrive/MyDrive/Liver_ultrasound/AULI_resized_images/liver_malignant_424.png,liver_holdout,malignant,benign,False
/content/gdrive/MyDrive/Liver_ultrasound/AULI_resized_images/liver_malignant_425.png,liver_holdout,malignant,benign,False
/content/gdrive/MyDrive/Liver_ultrasound/AULI_resized_images/liver_malignant_426.png,liver_holdout,malignant,normal,False
/content/gdrive/MyDrive/Liver_ultrasound/AULI_resized_images/liver_malignant_427.png,liver_holdout,malignant,benign,False
/content/gdrive/MyDrive/Liver_ultrasound/AULI_resized_images/liver_malignant_428.png,liver_holdout,malignant,benign,False
/content/gdrive/MyDrive/Liver_ultrasound/AULI_resized_images/liver_malignant_429.png,liver_holdout,malignant,benign,False
/content/gdrive/MyDrive/Liver_ultrasound/AULI_resized_images/liver_malignant_43.png,liver_holdout,malignant,malignant,True
/content/gdrive/MyDrive/Liver_ultrasound/AULI_resized_images/liver_malignant_430.png,liver_holdout,malignant,benign,False
/content/gdrive/MyDrive/Liver_ultrasound/AULI_resized_images/liver_malignant_431.png,liver_holdout,malignant,benign,False
/content/gdrive/MyDrive/Liver_ultrasound/AULI_resized_images/liver_malignant_432.png,liver_holdout,malignant,benign,False
/content/gdrive/MyDrive/Liver_ultrasound/AULI_resized_images/liver_malignant_433.png,liver_holdout,malignant,benign,False
/content/gdrive/MyDrive/Liver_ultrasound/AULI_resized_images/liver_malignant_434.png,liver_holdout,malignant,benign,False
/content/gdrive/MyDrive/Liver_ultrasound/AULI_resized_images/liver_malignant_435.png,liver_holdout,malignant,benign,False
/content/gdrive/MyDrive/Liver_ultrasound/AULI_resized_images/liver_malignant_44.png,liver_holdout,malignant,benign,False
/content/gdrive/MyDrive/Liver_ultrasound/AULI_resized_images/liver_malignant_45.png,liver_holdout,malignant,benign,False
/content/gdrive/MyDrive/Liver_ultrasound/AULI_resized_images/liver_malignant_46.png,liver_holdout,malignant,benign,False
/content/gdrive/MyDrive/Liver_ultrasound/AULI_resized_images/liver_malignant_47.png,liver_holdout,malignant,benign,False
/content/gdrive/MyDrive/Liver_ultrasound/AULI_resized_images/liver_malignant_48.png,liver_holdout,malignant,benign,False
/content/gdrive/MyDrive/Liver_ultrasound/AULI_resized_images/liver_malignant_49.png,liver_holdout,malignant,benign,False
/content/gdrive/MyDrive/Liver_ultrasound/AULI_resized_images/liver_malignant_5.png,liver_holdout,malignant,benign,False
/content/gdrive/MyDrive/Liver_ultrasound/AULI_resized_images/liver_malignant_50.png,liver_holdout,malignant,benign,False
/content/gdrive/MyDrive/Liver_ultrasound/AULI_resized_images/liver_malignant_51.png,liver_holdout,malignant,benign,False
/content/gdrive/MyDrive/Liver_ultrasound/AULI_resized_images/liver_malignant_52.png,liver_holdout,malignant,benign,False
/content/gdrive/MyDrive/Liver_ultrasound/AULI_resized_images/liver_malignant_53.png,liver_holdout,malignant,benign,False
/content/gdrive/MyDrive/Liver_ultrasound/AULI_resized_images/liver_malignant_54.png,liver_holdout,malignant,benign,False
/content/gdrive/MyDrive/Liver_ultrasound/AULI_resized_images/liver_malignant_55.png,liver_holdout,malignant,benign,False
/content/gdrive/MyDrive/Liver_ultrasound/AULI_resized_images/liver_malignant_56.png,liver_holdout,malignant,benign,False
/content/gdrive/MyDrive/Liver_ultrasound/AULI_resized_images/liver_malignant_57.png,liver_holdout,malignant,benign,False
/content/gdrive/MyDrive/Liver_ultrasound/AULI_resized_images/liver_malignant_58.png,liver_holdout,malignant,malignant,True
/content/gdrive/MyDrive/Liver_ultrasound/AULI_resized_images/liver_malignant_59.png,liver_holdout,malignant,benign,False
/content/gdrive/MyDrive/Liver_ultrasound/AULI_resized_images/liver_malignant_6.png,liver_holdout,malignant,malignant,True
/content/gdrive/MyDrive/Liver_ultrasound/AULI_resized_images/liver_malignant_60.png,liver_holdout,malignant,normal,False
/content/gdrive/MyDrive/Liver_ultrasound/AULI_resized_images/liver_malignant_61.png,liver_holdout,malignant,benign,False
/content/gdrive/MyDrive/Liver_ultrasound/AULI_resized_images/liver_malignant_62.png,liver_holdout,malignant,benign,False
/content/gdrive/MyDrive/Liver_ultrasound/AULI_resized_images/liver_malignant_63.png,liver_holdout,malignant,benign,False
/content/gdrive/MyDrive/Liver_ultrasound/AULI_resized_images/liver_malignant_64.png,liver_holdout,malignant,benign,False
/content/gdrive/MyDrive/Liver_ultrasound/AULI_resized_images/liver_malignant_65.png,liver_holdout,malignant,benign,False
/content/gdrive/MyDrive/Liver_ultrasound/AULI_resized_images/liver_malignant_66.png,liver_holdout,malignant,benign,False
/content/gdrive/MyDrive/Liver_ultrasound/AULI_resized_images/liver_malignant_67.png,liver_holdout,malignant,benign,False
/content/gdrive/MyDrive/Liver_ultrasound/AULI_resized_images/liver_malignant_68.png,liver_holdout,malignant,benign,False
/content/gdrive/MyDrive/Liver_ultrasound/AULI_resized_images/liver_malignant_69.png,liver_holdout,malignant,benign,False
/content/gdrive/MyDrive/Liver_ultrasound/AULI_resized_images/liver_malignant_7.png,liver_holdout,malignant,benign,False
/content/gdrive/MyDrive/Liver_ultrasound/AULI_resized_images/liver_malignant_70.png,liver_holdout,malignant,benign,False
/content/gdrive/MyDrive/Liver_ultrasound/AULI_resized_images/liver_malignant_71.png,liver_holdout,malignant,benign,False
/content/gdrive/MyDrive/Liver_ultrasound/AULI_resized_images/liver_malignant_72.png,liver_holdout,malignant,malignant,True
/content/gdrive/MyDrive/Liver_ultrasound/AULI_resized_images/liver_malignant_73.png,liver_holdout,malignant,benign,False
/content/gdrive/MyDrive/Liver_ultrasound/AULI_resized_images/liver_malignant_74.png,liver_holdout,malignant,benign,False
/content/gdrive/MyDrive/Liver_ultrasound/AULI_resized_images/liver_malignant_75.png,liver_holdout,malignant,benign,False
/content/gdrive/MyDrive/Liver_ultrasound/AULI_resized_images/liver_malignant_76.png,liver_holdout,malignant,benign,False
/content/gdrive/MyDrive/Liver_ultrasound/AULI_resized_images/liver_malignant_77.png,liver_holdout,malignant,benign,False
/content/gdrive/MyDrive/Liver_ultrasound/AULI_resized_images/liver_malignant_78.png,liver_holdout,malignant,benign,False
/content/gdrive/MyDrive/Liver_ultrasound/AULI_resized_images/liver_malignant_79.png,liver_holdout,malignant,benign,False
/content/gdrive/MyDrive/Liver_ultrasound/AULI_resized_images/liver_malignant_8.png,liver_holdout,malignant,benign,False
/content/gdrive/MyDrive/Liver_ultrasound/AULI_resized_images/liver_malignant_80.png,liver_holdout,malignant,benign,False
/content/gdrive/MyDrive/Liver_ultrasound/AULI_resized_images/liver_malignant_81.png,liver_holdout,malignant,benign,False
/content/gdrive/MyDrive/Liver_ultrasound/AULI_resized_images/liver_malignant_82.png,liver_holdout,malignant,benign,False
/content/gdrive/MyDrive/Liver_ultrasound/AULI_resized_images/liver_malignant_83.png,liver_holdout,malignant,benign,False
/content/gdrive/MyDrive/Liver_ultrasound/AULI_resized_images/liver_malignant_84.png,liver_holdout,malignant,benign,False
/content/gdrive/MyDrive/Liver_ultrasound/AULI_resized_images/liver_malignant_85.png,liver_holdout,malignant,benign,False
/content/gdrive/MyDrive/Liver_ultrasound/AULI_resized_images/liver_malignant_86.png,liver_holdout,malignant,benign,False
/content/gdrive/MyDrive/Liver_ultrasound/AULI_resized_images/liver_malignant_87.png,liver_holdout,malignant,benign,False
/content/gdrive/MyDrive/Liver_ultrasound/AULI_resized_images/liver_malignant_88.png,liver_holdout,malignant,benign,False
/content/gdrive/MyDrive/Liver_ultrasound/AULI_resized_images/liver_malignant_89.png,liver_holdout,malignant,malignant,True
/content/gdrive/MyDrive/Liver_ultrasound/AULI_resized_images/liver_malignant_9.png,liver_holdout,malignant,benign,False
/content/gdrive/MyDrive/Liver_ultrasound/AULI_resized_images/liver_malignant_90.png,liver_holdout,malignant,benign,False
/content/gdrive/MyDrive/Liver_ultrasound/AULI_resized_images/liver_malignant_91.png,liver_holdout,malignant,benign,False
/content/gdrive/MyDrive/Liver_ultrasound/AULI_resized_images/liver_malignant_92.png,liver_holdout,malignant,benign,False
/content/gdrive/MyDrive/Liver_ultrasound/AULI_resized_images/liver_malignant_93.png,liver_holdout,malignant,benign,False
/content/gdrive/MyDrive/Liver_ultrasound/AULI_resized_images/liver_malignant_94.png,liver_holdout,malignant,benign,False
/content/gdrive/MyDrive/Liver_ultrasound/AULI_resized_images/liver_malignant_95.png,liver_holdout,malignant,benign,False
/content/gdrive/MyDrive/Liver_ultrasound/AULI_resized_images/liver_malignant_96.png,liver_holdout,malignant,benign,False
/content/gdrive/MyDrive/Liver_ultrasound/AULI_resized_images/liver_malignant_97.png,liver_holdout,malignant,benign,False
/content/gdrive/MyDrive/Liver_ultrasound/AULI_resized_images/liver_malignant_98.png,liver_holdout,malignant,benign,False
/content/gdrive/MyDrive/Liver_ultrasound/AULI_resized_images/liver_malignant_99.png,liver_holdout,malignant,benign,False
/content/gdrive/MyDrive/Liver_ultrasound/AULI_resized_images/liver_normal_1.png,liver_holdout,normal,benign,False
/content/gdrive/MyDrive/Liver_ultrasound/AULI_resized_images/liver_normal_10.png,liver_holdout,normal,benign,False
/content/gdrive/MyDrive/Liver_ultrasound/AULI_resized_images/liver_normal_100.png,liver_holdout,normal,benign,False
/content/gdrive/MyDrive/Liver_ultrasound/AULI_resized_images/liver_normal_11.png,liver_holdout,normal,benign,False
/content/gdrive/MyDrive/Liver_ultrasound/AULI_resized_images/liver_normal_12.png,liver_holdout,normal,benign,False
/content/gdrive/MyDrive/Liver_ultrasound/AULI_resized_images/liver_normal_13.png,liver_holdout,normal,benign,False
/content/gdrive/MyDrive/Liver_ultrasound/AULI_resized_images/liver_normal_14.png,liver_holdout,normal,benign,False
/content/gdrive/MyDrive/Liver_ultrasound/AULI_resized_images/liver_normal_15.png,liver_holdout,normal,benign,False
/content/gdrive/MyDrive/Liver_ultrasound/AULI_resized_images/liver_normal_16.png,liver_holdout,normal,benign,False
/content/gdrive/MyDrive/Liver_ultrasound/AULI_resized_images/liver_normal_17.png,liver_holdout,normal,benign,False
/content/gdrive/MyDrive/Liver_ultrasound/AULI_resized_images/liver_normal_18.png,liver_holdout,normal,benign,False
/content/gdrive/MyDrive/Liver_ultrasound/AULI_resized_images/liver_normal_19.png,liver_holdout,normal,benign,False
/content/gdrive/MyDrive/Liver_ultrasound/AULI_resized_images/liver_normal_2.png,liver_holdout,normal,benign,False
/content/gdrive/MyDrive/Liver_ultrasound/AULI_resized_images/liver_normal_20.png,liver_holdout,normal,benign,False
/content/gdrive/MyDrive/Liver_ultrasound/AULI_resized_images/liver_normal_21.png,liver_holdout,normal,benign,False
/content/gdrive/MyDrive/Liver_ultrasound/AULI_resized_images/liver_normal_22.png,liver_holdout,normal,benign,False
/content/gdrive/MyDrive/Liver_ultrasound/AULI_resized_images/liver_normal_23.png,liver_holdout,normal,benign,False
/content/gdrive/MyDrive/Liver_ultrasound/AULI_resized_images/liver_normal_24.png,liver_holdout,normal,benign,False
/content/gdrive/MyDrive/Liver_ultrasound/AULI_resized_images/liver_normal_25.png,liver_holdout,normal,benign,False
/content/gdrive/MyDrive/Liver_ultrasound/AULI_resized_images/liver_normal_26.png,liver_holdout,normal,benign,False
/content/gdrive/MyDrive/Liver_ultrasound/AULI_resized_images/liver_normal_27.png,liver_holdout,normal,normal,True
/content/gdrive/MyDrive/Liver_ultrasound/AULI_resized_images/liver_normal_28.png,liver_holdout,normal,normal,True
/content/gdrive/MyDrive/Liver_ultrasound/AULI_resized_images/liver_normal_29.png,liver_holdout,normal,benign,False
/content/gdrive/MyDrive/Liver_ultrasound/AULI_resized_images/liver_normal_3.png,liver_holdout,normal,normal,True
/content/gdrive/MyDrive/Liver_ultrasound/AULI_resized_images/liver_normal_30.png,liver_holdout,normal,benign,False
/content/gdrive/MyDrive/Liver_ultrasound/AULI_resized_images/liver_normal_31.png,liver_holdout,normal,benign,False
/content/gdrive/MyDrive/Liver_ultrasound/AULI_resized_images/liver_normal_32.png,liver_holdout,normal,benign,False
/content/gdrive/MyDrive/Liver_ultrasound/AULI_resized_images/liver_normal_33.png,liver_holdout,normal,benign,False
/content/gdrive/MyDrive/Liver_ultrasound/AULI_resized_images/liver_normal_34.png,liver_holdout,normal,benign,False
/content/gdrive/MyDrive/Liver_ultrasound/AULI_resized_images/liver_normal_35.png,liver_holdout,normal,benign,False
/content/gdrive/MyDrive/Liver_ultrasound/AULI_resized_images/liver_normal_36.png,liver_holdout,normal,benign,False
/content/gdrive/MyDrive/Liver_ultrasound/AULI_resized_images/liver_normal_37.png,liver_holdout,normal,benign,False
/content/gdrive/MyDrive/Liver_ultrasound/AULI_resized_images/liver_normal_38.png,liver_holdout,normal,normal,True
/content/gdrive/MyDrive/Liver_ultrasound/AULI_resized_images/liver_normal_39.png,liver_holdout,normal,benign,False
/content/gdrive/MyDrive/Liver_ultrasound/AULI_resized_images/liver_normal_4.png,liver_holdout,normal,benign,False
/content/gdrive/MyDrive/Liver_ultrasound/AULI_resized_images/liver_normal_40.png,liver_holdout,normal,benign,False
/content/gdrive/MyDrive/Liver_ultrasound/AULI_resized_images/liver_normal_41.png,liver_holdout,normal,normal,True
/content/gdrive/MyDrive/Liver_ultrasound/AULI_resized_images/liver_normal_42.png,liver_holdout,normal,benign,False
/content/gdrive/MyDrive/Liver_ultrasound/AULI_resized_images/liver_normal_43.png,liver_holdout,normal,benign,False
/content/gdrive/MyDrive/Liver_ultrasound/AULI_resized_images/liver_normal_44.png,liver_holdout,normal,benign,False
/content/gdrive/MyDrive/Liver_ultrasound/AULI_resized_images/liver_normal_45.png,liver_holdout,normal,benign,False
/content/gdrive/MyDrive/Liver_ultrasound/AULI_resized_images/liver_normal_46.png,liver_holdout,normal,benign,False
/content/gdrive/MyDrive/Liver_ultrasound/AULI_resized_images/liver_normal_47.png,liver_holdout,normal,benign,False
/content/gdrive/MyDrive/Liver_ultrasound/AULI_resized_images/liver_normal_48.png,liver_holdout,normal,benign,False
/content/gdrive/MyDrive/Liver_ultrasound/AULI_resized_images/liver_normal_49.png,liver_holdout,normal,benign,False
/content/gdrive/MyDrive/Liver_ultrasound/AULI_resized_images/liver_normal_5.png,liver_holdout,normal,benign,False
/content/gdrive/MyDrive/Liver_ultrasound/AULI_resized_images/liver_normal_50.png,liver_holdout,normal,normal,True
/content/gdrive/MyDrive/Liver_ultrasound/AULI_resized_images/liver_normal_51.png,liver_holdout,normal,benign,False
/content/gdrive/MyDrive/Liver_ultrasound/AULI_resized_images/liver_normal_52.png,liver_holdout,normal,benign,False
/content/gdrive/MyDrive/Liver_ultrasound/AULI_resized_images/liver_normal_53.png,liver_holdout,normal,benign,False
/content/gdrive/MyDrive/Liver_ultrasound/AULI_resized_images/liver_normal_54.png,liver_holdout,normal,benign,False
/content/gdrive/MyDrive/Liver_ultrasound/AULI_resized_images/liver_normal_55.png,liver_holdout,normal,normal,True
/content/gdrive/MyDrive/Liver_ultrasound/AULI_resized_images/liver_normal_56.png,liver_holdout,normal,benign,False
/content/gdrive/MyDrive/Liver_ultrasound/AULI_resized_images/liver_normal_57.png,liver_holdout,normal,benign,False
/content/gdrive/MyDrive/Liver_ultrasound/AULI_resized_images/liver_normal_58.png,liver_holdout,normal,benign,False
/content/gdrive/MyDrive/Liver_ultrasound/AULI_resized_images/liver_normal_59.png,liver_holdout,normal,benign,False
/content/gdrive/MyDrive/Liver_ultrasound/AULI_resized_images/liver_normal_6.png,liver_holdout,normal,benign,False
/content/gdrive/MyDrive/Liver_ultrasound/AULI_resized_images/liver_normal_60.png,liver_holdout,normal,benign,False
/content/gdrive/MyDrive/Liver_ultrasound/AULI_resized_images/liver_normal_61.png,liver_holdout,normal,benign,False
/content/gdrive/MyDrive/Liver_ultrasound/AULI_resized_images/liver_normal_62.png,liver_holdout,normal,benign,False
/content/gdrive/MyDrive/Liver_ultrasound/AULI_resized_images/liver_normal_63.png,liver_holdout,normal,benign,False
/content/gdrive/MyDrive/Liver_ultrasound/AULI_resized_images/liver_normal_64.png,liver_holdout,normal,benign,False
/content/gdrive/MyDrive/Liver_ultrasound/AULI_resized_images/liver_normal_65.png,liver_holdout,normal,benign,False
/content/gdrive/MyDrive/Liver_ultrasound/AULI_resized_images/liver_normal_66.png,liver_holdout,normal,benign,False
/content/gdrive/MyDrive/Liver_ultrasound/AULI_resized_images/liver_normal_67.png,liver_holdout,normal,benign,False
/content/gdrive/MyDrive/Liver_ultrasound/AULI_resized_images/liver_normal_68.png,liver_holdout,normal,benign,False
/content/gdrive/MyDrive/Liver_ultrasound/AULI_resized_images/liver_normal_69.png,liver_holdout,normal,benign,False
/content/gdrive/MyDrive/Liver_ultrasound/AULI_resized_images/liver_normal_7.png,liver_holdout,normal,benign,False
/content/gdrive/MyDrive/Liver_ultrasound/AULI_resized_images/liver_normal_70.png,liver_holdout,normal,benign,False
/content/gdrive/MyDrive/Liver_ultrasound/AULI_resized_images/liver_normal_71.png,liver_holdout,normal,benign,False
/content/gdrive/MyDrive/Liver_ultrasound/AULI_resized_images/liver_normal_72.png,liver_holdout,normal,benign,False
/content/gdrive/MyDrive/Liver_ultrasound/AULI_resized_images/liver_normal_73.png,liver_holdout,normal,benign,False
/content/gdrive/MyDrive/Liver_ultrasound/AULI_resized_images/liver_normal_74.png,liver_holdout,normal,benign,False
/content/gdrive/MyDrive/Liver_ultrasound/AULI_resized_images/liver_normal_75.png,liver_holdout,normal,benign,False
/content/gdrive/MyDrive/Liver_ultrasound/AULI_resized_images/liver_normal_76.png,liver_holdout,normal,benign,False
/content/gdrive/MyDrive/Liver_ultrasound/AULI_resized_images/liver_normal_77.png,liver_holdout,normal,benign,False
/content/gdrive/MyDrive/Liver_ultrasound/AULI_resized_images/liver_normal_78.png,liver_holdout,normal,benign,False
/content/gdrive/MyDrive/Liver_ultrasound/AULI_resized_images/liver_normal_79.png,liver_holdout,normal,benign,False
/content/gdrive/MyDrive/Liver_ultrasound/AULI_resized_images/liver_normal_8.png,liver_holdout,normal,benign,False
/content/gdrive/MyDrive/Liver_ultrasound/AULI_resized_images/liver_normal_80.png,liver_holdout,normal,benign,False
/content/gdrive/MyDrive/Liver_ultrasound/AULI_resized_images/liver_normal_81.png,liver_holdout,normal,benign,False
/content/gdrive/MyDrive/Liver_ultrasound/AULI_resized_images/liver_normal_82.png,liver_holdout,normal,benign,False
/content/gdrive/MyDrive/Liver_ultrasound/AULI_resized_images/liver_normal_83.png,liver_holdout,normal,benign,False
/content/gdrive/MyDrive/Liver_ultrasound/AULI_resized_images/liver_normal_84.png,liver_holdout,normal,benign,False
/content/gdrive/MyDrive/Liver_ultrasound/AULI_resized_images/liver_normal_85.png,liver_holdout,normal,benign,False
/content/gdrive/MyDrive/Liver_ultrasound/AULI_resized_images/liver_normal_86.png,liver_holdout,normal,benign,False
/content/gdrive/MyDrive/Liver_ultrasound/AULI_resized_images/liver_normal_87.png,liver_holdout,normal,benign,False
/content/gdrive/MyDrive/Liver_ultrasound/AULI_resized_images/liver_normal_88.png,liver_holdout,normal,benign,False
/content/gdrive/MyDrive/Liver_ultrasound/AULI_resized_images/liver_normal_89.png,liver_holdout,normal,benign,False
/content/gdrive/MyDrive/Liver_ultrasound/AULI_resized_images/liver_normal_9.png,liver_holdout,normal,benign,False
/content/gdrive/MyDrive/Liver_ultrasound/AULI_resized_images/liver_normal_90.png,liver_holdout,normal,benign,False
/content/gdrive/MyDrive/Liver_ultrasound/AULI_resized_images/liver_normal_91.png,liver_holdout,normal,benign,False
/content/gdrive/MyDrive/Liver_ultrasound/AULI_resized_images/liver_normal_92.png,liver_holdout,normal,benign,False
/content/gdrive/MyDrive/Liver_ultrasound/AULI_resized_images/liver_normal_93.png,liver_holdout,normal,benign,False
/content/gdrive/MyDrive/Liver_ultrasound/AULI_resized_images/liver_normal_94.png,liver_holdout,normal,benign,False
/content/gdrive/MyDrive/Liver_ultrasound/AULI_resized_images/liver_normal_95.png,liver_holdout,normal,benign,False
/content/gdrive/MyDrive/Liver_ultrasound/AULI_resized_images/liver_normal_96.png,liver_holdout,normal,benign,False
/content/gdrive/MyDrive/Liver_ultrasound/AULI_resized_images/liver_normal_97.png,liver_holdout,normal,benign,False
/content/gdrive/MyDrive/Liver_ultrasound/AULI_resized_images/liver_normal_98.png,liver_holdout,normal,benign,False
/content/gdrive/MyDrive/Liver_ultrasound/AULI_resized_images/liver_normal_99.png,liver_holdout,normal,benign,False
